-- MySQL dump 10.13  Distrib 8.0.22, for Win64 (x86_64)
--
-- Host: localhost    Database: RuYiAdmin
-- ------------------------------------------------------
-- Server version	8.0.22

/*!40101 SET @OLD_CHARACTER_SET_CLIENT=@@CHARACTER_SET_CLIENT */;
/*!40101 SET @OLD_CHARACTER_SET_RESULTS=@@CHARACTER_SET_RESULTS */;
/*!40101 SET @OLD_COLLATION_CONNECTION=@@COLLATION_CONNECTION */;
/*!50503 SET NAMES utf8 */;
/*!40103 SET @OLD_TIME_ZONE=@@TIME_ZONE */;
/*!40103 SET TIME_ZONE='+00:00' */;
/*!40014 SET @OLD_UNIQUE_CHECKS=@@UNIQUE_CHECKS, UNIQUE_CHECKS=0 */;
/*!40014 SET @OLD_FOREIGN_KEY_CHECKS=@@FOREIGN_KEY_CHECKS, FOREIGN_KEY_CHECKS=0 */;
/*!40101 SET @OLD_SQL_MODE=@@SQL_MODE, SQL_MODE='NO_AUTO_VALUE_ON_ZERO' */;
/*!40111 SET @OLD_SQL_NOTES=@@SQL_NOTES, SQL_NOTES=0 */;

--
-- Table structure for table `SysCodeTable`
--

DROP TABLE IF EXISTS `SysCodeTable`;
/*!40101 SET @saved_cs_client     = @@character_set_client */;
/*!50503 SET character_set_client = utf8mb4 */;
CREATE TABLE `SysCodeTable` (
  `Id` varchar(36) NOT NULL COMMENT '主键',
  `CodeName` varchar(128) NOT NULL COMMENT '名称',
  `Code` varchar(128) NOT NULL COMMENT '编码',
  `Value` varchar(256) DEFAULT NULL COMMENT '值',
  `ParentId` varchar(36) DEFAULT NULL COMMENT '父键',
  `Remark` varchar(512) DEFAULT NULL COMMENT '备注',
  `Order` int DEFAULT NULL COMMENT '序号',
  `IsDel` int NOT NULL COMMENT '标志位',
  `Creator` varchar(36) NOT NULL COMMENT '创建人',
  `CreateTime` datetime(3) NOT NULL COMMENT '创建时间',
  `Modifier` varchar(36) NOT NULL COMMENT '修改人',
  `ModifyTime` datetime(3) NOT NULL COMMENT '修改时间',
  PRIMARY KEY (`Id`),
  UNIQUE KEY `Code_UNIQUE` (`Code`)
) ENGINE=InnoDB DEFAULT CHARSET=utf8 COMMENT='码表';
/*!40101 SET character_set_client = @saved_cs_client */;

--
-- Dumping data for table `SysCodeTable`
--

LOCK TABLES `SysCodeTable` WRITE;
/*!40000 ALTER TABLE `SysCodeTable` DISABLE KEYS */;
INSERT INTO `SysCodeTable` VALUES ('221c849a-4943-458c-86f4-d301996228cc','第三性别','SexOther','2','5c6adfba-855d-436b-bb31-cdb2b8c77e66','第三性别',2,0,'00000000-0000-0000-0000-000000000000','2021-04-10 11:56:12','00000000-0000-0000-0000-000000000000','2021-04-29 16:52:31'),('342e0919-3116-466e-8665-042fb4543df7','是否判断','YesOrNo','',NULL,'是否判断',1,0,'00000000-0000-0000-0000-000000000000','2021-04-10 11:28:14','00000000-0000-0000-0000-000000000000','2021-04-10 11:28:14'),('5ba22c2c-cd8c-4a43-a88a-a3a721756f4b','女','Female','1','5c6adfba-855d-436b-bb31-cdb2b8c77e66','女',1,0,'00000000-0000-0000-0000-000000000000','2021-04-10 11:55:45','00000000-0000-0000-0000-000000000000','2021-04-10 11:59:05'),('5c6adfba-855d-436b-bb31-cdb2b8c77e66','性别','Sex',NULL,NULL,'性别',2,0,'00000000-0000-0000-0000-000000000000','2021-04-10 11:28:38','00000000-0000-0000-0000-000000000000','2021-04-12 09:39:56'),('6e175e30-67a7-4d7d-9d67-fd9e4e7c47d7','经理','JL','JL','a2a26c79-9483-4204-b209-d3b3c53b989b','经理',3,0,'00000000-0000-0000-0000-000000000000','2021-04-10 14:43:59','00000000-0000-0000-0000-000000000000','2021-04-10 14:43:59'),('7f6223be-740f-466d-9327-46405dfa9022','男','Male','0','5c6adfba-855d-436b-bb31-cdb2b8c77e66','男',0,0,'00000000-0000-0000-0000-000000000000','2021-04-10 11:55:25','00000000-0000-0000-0000-000000000000','2021-04-29 15:30:01'),('918a2974-6a77-444f-b5a6-039f01a77a88','董事长','DSZ','DSZ','a2a26c79-9483-4204-b209-d3b3c53b989b','董事长',1,0,'00000000-0000-0000-0000-000000000000','2021-04-10 14:42:53','00000000-0000-0000-0000-000000000000','2021-04-20 18:15:52'),('a2a26c79-9483-4204-b209-d3b3c53b989b','岗位','Position',NULL,NULL,'岗位',3,0,'00000000-0000-0000-0000-000000000000','2021-04-10 14:29:07','00000000-0000-0000-0000-000000000000','2021-06-11 14:12:17'),('c4435185-6779-452f-85ae-14b1251a2920','总经理','ZJL','ZJL','a2a26c79-9483-4204-b209-d3b3c53b989b','总经理',2,0,'00000000-0000-0000-0000-000000000000','2021-04-10 14:43:20','00000000-0000-0000-0000-000000000000','2021-04-10 14:44:09'),('dc7a3882-fb25-4ba9-a30b-f9256f58e9c0','是','Yes','1','342e0919-3116-466e-8665-042fb4543df7','是',0,0,'00000000-0000-0000-0000-000000000000','2021-04-10 12:00:03','00000000-0000-0000-0000-000000000000','2021-04-10 12:00:03'),('dd12c0c2-768e-42da-b47f-8b386e591cae','否','No','0','342e0919-3116-466e-8665-042fb4543df7','否',1,0,'00000000-0000-0000-0000-000000000000','2021-04-10 12:00:48','00000000-0000-0000-0000-000000000000','2021-04-10 12:00:48');
/*!40000 ALTER TABLE `SysCodeTable` ENABLE KEYS */;
UNLOCK TABLES;

--
-- Table structure for table `SysImportConfig`
--

DROP TABLE IF EXISTS `SysImportConfig`;
/*!40101 SET @saved_cs_client     = @@character_set_client */;
/*!50503 SET character_set_client = utf8mb4 */;
CREATE TABLE `SysImportConfig` (
  `Id` varchar(36) NOT NULL COMMENT '主键',
  `ConfigName` varchar(128) NOT NULL COMMENT '配置名称',
  `StartRow` int NOT NULL COMMENT '起始行',
  `StartColumn` int NOT NULL COMMENT '起始列',
  `WorkSheetIndexes` varchar(512) DEFAULT NULL COMMENT '工作簿索引列表',
  `Order` int DEFAULT NULL,
  `Remark` varchar(512) DEFAULT NULL COMMENT '备注',
  `IsDel` int NOT NULL COMMENT '标志位',
  `Creator` varchar(36) NOT NULL COMMENT '创建人',
  `CreateTime` datetime(3) NOT NULL COMMENT '创建时间',
  `Modifier` varchar(36) NOT NULL COMMENT '修改人',
  `ModifyTime` datetime(3) NOT NULL COMMENT '修改时间',
  PRIMARY KEY (`Id`),
  UNIQUE KEY `ConfigName_UNIQUE` (`ConfigName`)
) ENGINE=InnoDB DEFAULT CHARSET=utf8 COMMENT='导入配置主表';
/*!40101 SET character_set_client = @saved_cs_client */;

--
-- Dumping data for table `SysImportConfig`
--

LOCK TABLES `SysImportConfig` WRITE;
/*!40000 ALTER TABLE `SysImportConfig` DISABLE KEYS */;
INSERT INTO `SysImportConfig` VALUES ('51510173-0253-48a8-bdcb-4cb4827c5d08','RoleImportConfig',1,1,NULL,2,'角色导入配置',0,'00000000-0000-0000-0000-000000000000','2021-05-07 14:36:28','00000000-0000-0000-0000-000000000000','2021-09-23 14:39:55'),('ba6070b3-a815-4efb-ac1f-c804502544cf','CommonConfigTest',2,1,'',1,'综合常规性校验',0,'00000000-0000-0000-0000-000000000000','2021-04-29 16:11:34','00000000-0000-0000-0000-000000000000','2021-09-23 14:39:48');
/*!40000 ALTER TABLE `SysImportConfig` ENABLE KEYS */;
UNLOCK TABLES;

--
-- Table structure for table `SysImportConfigDetail`
--

DROP TABLE IF EXISTS `SysImportConfigDetail`;
/*!40101 SET @saved_cs_client     = @@character_set_client */;
/*!50503 SET character_set_client = utf8mb4 */;
CREATE TABLE `SysImportConfigDetail` (
  `Id` varchar(36) NOT NULL COMMENT '主键',
  `ParentId` varchar(36) NOT NULL COMMENT '父键',
  `DataType` int NOT NULL COMMENT '数据类型，0：小数，1：整数，2：文本t，3：日期，4：时间',
  `Cells` varchar(512) NOT NULL COMMENT '所在列',
  `Rquired` int DEFAULT NULL COMMENT '是否必填项，0：否，1：是',
  `MaxValue` double DEFAULT NULL COMMENT '最大值',
  `MinValue` double DEFAULT NULL COMMENT '最小值',
  `DecimalLimit` int DEFAULT NULL COMMENT '小数位上限',
  `TextEnum` varchar(1024) DEFAULT NULL COMMENT '枚举列表',
  `Extend1` varchar(64) DEFAULT NULL COMMENT '扩展字段',
  `Extend2` varchar(128) DEFAULT NULL COMMENT '扩展字段',
  `Extend3` varchar(256) DEFAULT NULL COMMENT '扩展字段',
  `Order` int DEFAULT NULL COMMENT '序号',
  `Remark` varchar(512) DEFAULT NULL COMMENT '备注',
  `IsDel` int NOT NULL COMMENT '标志位',
  `Creator` varchar(36) NOT NULL COMMENT '创建人',
  `CreateTime` datetime(3) NOT NULL COMMENT '创建时间',
  `Modifier` varchar(36) NOT NULL COMMENT '修改人',
  `ModifyTime` datetime(3) NOT NULL COMMENT '修改时间',
  PRIMARY KEY (`Id`),
  KEY `icdpid_idx` (`ParentId`),
  CONSTRAINT `icdpid` FOREIGN KEY (`ParentId`) REFERENCES `SysImportConfig` (`Id`)
) ENGINE=InnoDB DEFAULT CHARSET=utf8 COMMENT='导入配置子表';
/*!40101 SET character_set_client = @saved_cs_client */;

--
-- Dumping data for table `SysImportConfigDetail`
--

LOCK TABLES `SysImportConfigDetail` WRITE;
/*!40000 ALTER TABLE `SysImportConfigDetail` DISABLE KEYS */;
INSERT INTO `SysImportConfigDetail` VALUES ('211b1c6a-91ac-4c60-8061-183d939e8b94','ba6070b3-a815-4efb-ac1f-c804502544cf',0,'6',0,100,0,2,NULL,NULL,NULL,NULL,NULL,NULL,0,'00000000-0000-0000-0000-000000000000','2021-05-12 13:53:52','00000000-0000-0000-0000-000000000000','2021-05-13 10:02:36'),('3cc6c7ea-1ee2-4885-ae1a-c9eb1ff12b89','51510173-0253-48a8-bdcb-4cb4827c5d08',2,'1',1,NULL,NULL,0,NULL,NULL,NULL,NULL,NULL,NULL,0,'00000000-0000-0000-0000-000000000000','2021-09-23 14:12:48','00000000-0000-0000-0000-000000000000','2021-09-23 15:24:17'),('4dc94136-4f5c-42ef-baab-a73cd49160fc','ba6070b3-a815-4efb-ac1f-c804502544cf',4,'10',0,NULL,NULL,0,NULL,NULL,NULL,NULL,NULL,NULL,0,'00000000-0000-0000-0000-000000000000','2021-05-12 13:54:35','00000000-0000-0000-0000-000000000000','2021-05-12 13:54:35'),('53d65856-21a4-40ec-98c1-6a85b5603e22','ba6070b3-a815-4efb-ac1f-c804502544cf',3,'4',1,33,1,0,NULL,NULL,NULL,NULL,NULL,NULL,0,'00000000-0000-0000-0000-000000000000','2021-05-05 09:08:18','00000000-0000-0000-0000-000000000000','2021-05-12 13:53:15'),('6a31efa0-12f1-480c-878c-1036966796d3','ba6070b3-a815-4efb-ac1f-c804502544cf',0,'8',1,NULL,NULL,0,NULL,NULL,NULL,NULL,NULL,NULL,1,'00000000-0000-0000-0000-000000000000','2021-05-05 09:08:48','00000000-0000-0000-0000-000000000000','2021-05-05 09:11:20'),('721369f5-5f89-47e4-9b1e-dfd8a7795a41','ba6070b3-a815-4efb-ac1f-c804502544cf',0,'1',1,100,0,2,NULL,NULL,NULL,NULL,NULL,NULL,0,'00000000-0000-0000-0000-000000000000','2021-05-05 09:00:56','00000000-0000-0000-0000-000000000000','2021-05-13 10:02:46'),('881d73b4-394a-4e49-a985-0c6fa6a59a95','ba6070b3-a815-4efb-ac1f-c804502544cf',3,'9',0,0,0,0,NULL,NULL,NULL,NULL,NULL,NULL,0,'00000000-0000-0000-0000-000000000000','2021-05-12 13:54:27','00000000-0000-0000-0000-000000000000','2021-05-13 10:02:25'),('9c67a664-66c7-4d39-bda8-2f9b074cb0ab','ba6070b3-a815-4efb-ac1f-c804502544cf',1,'7',0,100,0,0,NULL,NULL,NULL,NULL,NULL,NULL,0,'00000000-0000-0000-0000-000000000000','2021-05-12 13:54:09','00000000-0000-0000-0000-000000000000','2021-05-13 10:02:32'),('abc36e6e-ae05-41b1-86a4-e09981e05578','ba6070b3-a815-4efb-ac1f-c804502544cf',2,'3',1,0,0,0,'男,女',NULL,NULL,NULL,NULL,NULL,0,'00000000-0000-0000-0000-000000000000','2021-05-05 09:06:36','00000000-0000-0000-0000-000000000000','2021-06-11 14:14:14'),('bc69a513-2544-4bf9-9843-68685c35d994','ba6070b3-a815-4efb-ac1f-c804502544cf',2,'8',1,NULL,NULL,0,NULL,NULL,NULL,NULL,NULL,NULL,1,'00000000-0000-0000-0000-000000000000','2021-05-05 21:47:57','00000000-0000-0000-0000-000000000000','2021-05-05 21:48:10'),('c107b3c5-4713-4f9f-8b0f-198d7ffe3a6f','51510173-0253-48a8-bdcb-4cb4827c5d08',1,'2',NULL,NULL,0,0,NULL,NULL,NULL,NULL,NULL,NULL,0,'00000000-0000-0000-0000-000000000000','2021-09-23 14:13:00','00000000-0000-0000-0000-000000000000','2021-09-23 15:22:02'),('c351de82-9888-4e8c-82ca-16dfd9cfe721','ba6070b3-a815-4efb-ac1f-c804502544cf',1,'2',1,100,0,0,'',NULL,NULL,NULL,NULL,NULL,0,'00000000-0000-0000-0000-000000000000','2021-05-05 08:53:20','00000000-0000-0000-0000-000000000000','2021-05-12 16:19:50'),('c4c349d5-8e82-4e2d-8d5f-36b2535de492','ba6070b3-a815-4efb-ac1f-c804502544cf',2,'8',0,0,0,0,'男,女',NULL,NULL,NULL,NULL,NULL,0,'00000000-0000-0000-0000-000000000000','2021-05-12 13:54:18','00000000-0000-0000-0000-000000000000','2021-06-11 14:14:07'),('f14059ba-a95c-4b1f-881f-86eea84944f6','ba6070b3-a815-4efb-ac1f-c804502544cf',4,'5',1,90,1,0,NULL,NULL,NULL,NULL,NULL,NULL,0,'00000000-0000-0000-0000-000000000000','2021-05-05 09:08:35','00000000-0000-0000-0000-000000000000','2021-05-12 13:53:27');
/*!40000 ALTER TABLE `SysImportConfigDetail` ENABLE KEYS */;
UNLOCK TABLES;

--
-- Table structure for table `SysLanguage`
--

DROP TABLE IF EXISTS `SysLanguage`;
/*!40101 SET @saved_cs_client     = @@character_set_client */;
/*!50503 SET character_set_client = utf8mb4 */;
CREATE TABLE `SysLanguage` (
  `Id` varchar(36) NOT NULL COMMENT '主键',
  `LanguageName` varchar(45) NOT NULL COMMENT '名称',
  `OrderNumber` int DEFAULT NULL COMMENT '序号',
  `Remark` varchar(512) DEFAULT NULL COMMENT '备注',
  `IsDel` int NOT NULL COMMENT '标志位',
  `Creator` varchar(36) NOT NULL COMMENT '创建人',
  `CreateTime` datetime(3) NOT NULL COMMENT '创建时间',
  `Modifier` varchar(36) NOT NULL COMMENT '修改人',
  `ModifyTime` datetime(3) NOT NULL COMMENT '修改时间',
  PRIMARY KEY (`Id`)
) ENGINE=InnoDB DEFAULT CHARSET=utf8 COMMENT='系统语言';
/*!40101 SET character_set_client = @saved_cs_client */;

--
-- Dumping data for table `SysLanguage`
--

LOCK TABLES `SysLanguage` WRITE;
/*!40000 ALTER TABLE `SysLanguage` DISABLE KEYS */;
INSERT INTO `SysLanguage` VALUES ('8223B5C4-C55A-4F02-98D2-BA7F320B0EA7','ru-RU',2,'俄国-俄国',0,'00000000-0000-0000-0000-000000000000','2021-04-10 11:56:12','00000000-0000-0000-0000-000000000000','2021-04-10 11:56:12'),('8306A39F-BFBD-430F-8315-15B6EBE3861D','en-US',1,'英国-美国',0,'00000000-0000-0000-0000-000000000000','2021-04-10 11:56:12','00000000-0000-0000-0000-000000000000','2021-04-10 11:56:12'),('9F06E722-5994-40F3-8BED-FE65C207E4D5','zh-CN',0,'华-中国',0,'00000000-0000-0000-0000-000000000000','2021-04-10 11:56:12','00000000-0000-0000-0000-000000000000','2021-04-10 11:56:12');
/*!40000 ALTER TABLE `SysLanguage` ENABLE KEYS */;
UNLOCK TABLES;

--
-- Table structure for table `SysLog`
--

DROP TABLE IF EXISTS `SysLog`;
/*!40101 SET @saved_cs_client     = @@character_set_client */;
/*!50503 SET character_set_client = utf8mb4 */;
CREATE TABLE `SysLog` (
  `Id` varchar(36) NOT NULL COMMENT '主键',
  `UserId` varchar(36) NOT NULL COMMENT '用户编号',
  `UserName` varchar(128) NOT NULL COMMENT '用户姓名',
  `OrgId` varchar(36) NOT NULL COMMENT '机构编号',
  `OrgName` varchar(128) NOT NULL COMMENT '机构名称',
  `System` varchar(128) DEFAULT NULL COMMENT '使用系统',
  `Browser` varchar(128) DEFAULT NULL COMMENT '浏览器',
  `IP` varchar(45) NOT NULL COMMENT 'IP地址',
  `OperationType` int NOT NULL COMMENT '操作类型，0：查询列表，1：查询记录，2：新增，3：编辑，4：逻辑删除，5：物理删除，6：上传，7：下载，8：导入，9：导出，10：菜单授权，11：用户授权，12：打印，13：登录，14：登出，15：强制登出，16：更新密码，17：添加计划任务，18：暂停计划任务，19：启动计划任务',
  `RequestUrl` varchar(512) NOT NULL COMMENT '请求路径',
  `Params` varchar(1024) DEFAULT NULL COMMENT '请求参数',
  `Result` longblob COMMENT '返回结果',
  `OldVaue` longblob COMMENT '旧值',
  `NewValue` longblob COMMENT '新值',
  `Remark` varchar(512) DEFAULT NULL COMMENT '备注',
  `IsDel` int NOT NULL COMMENT '标志位',
  `Creator` varchar(36) NOT NULL COMMENT '创建人',
  `CreateTime` datetime(3) NOT NULL COMMENT '创建时间',
  `Modifier` varchar(36) NOT NULL COMMENT '修改人',
  `ModifyTime` datetime(3) NOT NULL COMMENT '修改时间',
  PRIMARY KEY (`Id`)
) ENGINE=InnoDB DEFAULT CHARSET=utf8 COMMENT='日志表';
/*!40101 SET character_set_client = @saved_cs_client */;

--
-- Table structure for table `SysMenu`
--

DROP TABLE IF EXISTS `SysMenu`;
/*!40101 SET @saved_cs_client     = @@character_set_client */;
/*!50503 SET character_set_client = utf8mb4 */;
CREATE TABLE `SysMenu` (
  `Id` varchar(36) NOT NULL COMMENT '主键',
  `Path` varchar(256) DEFAULT NULL COMMENT '根路径',
  `MenuName` varchar(128) NOT NULL COMMENT '角色名称',
  `MenuUrl` varchar(256) DEFAULT NULL COMMENT '菜单路径',
  `ParentId` varchar(36) DEFAULT NULL COMMENT '父键',
  `Order` int DEFAULT NULL COMMENT '序号',
  `MenuType` int NOT NULL COMMENT '菜单类型，0：菜单，1：按钮，视图：2',
  `Icon` varchar(256) DEFAULT NULL COMMENT '图标',
  `Code` varchar(125) DEFAULT NULL COMMENT '编码',
  `Remark` varchar(512) DEFAULT NULL COMMENT '备注',
  `IsDel` int NOT NULL COMMENT '标志位',
  `Creator` varchar(36) NOT NULL COMMENT '创建人',
  `CreateTime` datetime(3) NOT NULL COMMENT '创建时间',
  `Modifier` varchar(36) NOT NULL COMMENT '修改人',
  `ModifyTime` datetime(3) NOT NULL COMMENT '修改时间',
  PRIMARY KEY (`Id`),
  UNIQUE KEY `Code_UNIQUE` (`Code`)
) ENGINE=InnoDB DEFAULT CHARSET=utf8 COMMENT='菜单表';
/*!40101 SET character_set_client = @saved_cs_client */;

--
-- Dumping data for table `SysMenu`
--

LOCK TABLES `SysMenu` WRITE;
/*!40000 ALTER TABLE `SysMenu` DISABLE KEYS */;
INSERT INTO `SysMenu` VALUES ('00d356a5-f24b-4fe9-8616-aa8d36c37be8',NULL,'暂停任务',NULL,'328734a7-3aab-424d-8fb5-101a30335e3c',5,1,NULL,'schedule:job:pause',NULL,0,'00000000-0000-0000-0000-000000000000','2021-08-24 14:45:05','00000000-0000-0000-0000-000000000000','2021-08-24 14:45:05'),('0d12b992-92df-4961-a50b-a2aac55da1e2',NULL,'查询列表',NULL,'9321de30-10c8-4709-aff3-bba47312693f',1,2,NULL,'log:query:list','查询列表',0,'00000000-0000-0000-0000-000000000000','2021-04-10 18:33:41','00000000-0000-0000-0000-000000000000','2021-04-10 18:33:41'),('0e989075-01cd-4c6e-a622-d336106bf255',NULL,'新增角色',NULL,'c80f26ab-b2bc-4766-a40e-17ed9417a5c7',2,1,NULL,'role:add:entity','新增角色',0,'00000000-0000-0000-0000-000000000000','2021-04-10 18:17:12','00000000-0000-0000-0000-000000000000','2021-04-10 18:17:12'),('0f43194b-df86-4370-aeeb-26811cfab50c',NULL,'删除菜单',NULL,'cf7929b6-f9d9-4100-85f9-f63582583a61',4,1,NULL,'menu:del:entities','删除菜单',0,'00000000-0000-0000-0000-000000000000','2021-04-10 18:07:09','00000000-0000-0000-0000-000000000000','2021-04-10 18:07:09'),('13e73c0d-a285-43af-9167-eef89381d08e',NULL,'新增码表',NULL,'a27a2518-53d8-4ed2-9655-3e1781d615dd',2,1,NULL,'code:add:entity','新增码表',0,'00000000-0000-0000-0000-000000000000','2021-04-10 18:25:32','00000000-0000-0000-0000-000000000000','2021-04-10 18:25:32'),('18cd9b4c-bfbd-442b-86dc-11eee193d886',NULL,'分配权限',NULL,'c80f26ab-b2bc-4766-a40e-17ed9417a5c7',5,1,NULL,'role:grant:permission','分配权限',0,'00000000-0000-0000-0000-000000000000','2021-04-10 21:57:41','00000000-0000-0000-0000-000000000000','2021-04-12 19:18:31'),('21c94e72-6dde-40c0-bae8-c0ef0a1c476c',NULL,'编辑配置',NULL,'63f294fb-eea5-41cf-8343-b43d60fdd680',3,1,NULL,'import:config:edit:entity',NULL,0,'00000000-0000-0000-0000-000000000000','2021-04-29 15:16:17','00000000-0000-0000-0000-000000000000','2021-04-29 15:16:17'),('2634a816-5dd9-4bfd-a573-f6b0020204db',NULL,'编辑码表',NULL,'a27a2518-53d8-4ed2-9655-3e1781d615dd',3,1,NULL,'code:edit:entity','编辑码表',0,'00000000-0000-0000-0000-000000000000','2021-04-10 18:26:15','00000000-0000-0000-0000-000000000000','2021-04-10 18:26:15'),('26d0ed04-5670-4707-ad91-e2893edca2ed',NULL,'删除机构',NULL,'b0652b6e-51ee-49ff-88b9-019bc8378f0b',4,1,NULL,'org:del:entities','删除机构',0,'00000000-0000-0000-0000-000000000000','2021-04-10 17:57:09','00000000-0000-0000-0000-000000000000','2021-04-10 17:57:30'),('2923ffda-b4dc-4d92-9451-59a977a7edcb',NULL,'查询实体',NULL,'9321de30-10c8-4709-aff3-bba47312693f',2,1,NULL,'log:query:entity',NULL,0,'00000000-0000-0000-0000-000000000000','2021-04-13 16:41:09','00000000-0000-0000-0000-000000000000','2021-04-13 16:41:13'),('328734a7-3aab-424d-8fb5-101a30335e3c','/system','任务调度','/ScheduleJobManagement','aa0a8b78-5e35-46f5-be7e-2a55f20f6470',9,0,'form',NULL,NULL,0,'00000000-0000-0000-0000-000000000000','2021-08-24 14:41:51','00000000-0000-0000-0000-000000000000','2021-08-24 14:46:32'),('371362df-0b05-4eee-9930-9288b6c8cc45',NULL,'删除用户',NULL,'e2363d77-45aa-4be1-b878-48d31aed728b',4,1,NULL,'user:del:entities','删除用户',0,'00000000-0000-0000-0000-000000000000','2021-04-10 18:02:15','00000000-0000-0000-0000-000000000000','2021-04-10 18:02:15'),('45c8b9cf-5ac2-4e42-9cc8-051871a1d63f',NULL,'查询列表',NULL,'b0652b6e-51ee-49ff-88b9-019bc8378f0b',1,2,NULL,'org:query:list','查询列表',0,'00000000-0000-0000-0000-000000000000','2021-04-10 17:51:13','00000000-0000-0000-0000-000000000000','2021-06-11 14:11:55'),('45e0f73e-4c77-4719-b76d-482de9a0afa6',NULL,'新增配置',NULL,'63f294fb-eea5-41cf-8343-b43d60fdd680',2,1,NULL,'import:config:add:entity',NULL,0,'00000000-0000-0000-0000-000000000000','2021-04-29 15:15:50','00000000-0000-0000-0000-000000000000','2021-04-29 15:15:50'),('a4a59f63-f397-4850-ac4a-b06b41acfc34',NULL,'权限下放',NULL,'c80f26ab-b2bc-4766-a40e-17ed9417a5c7',7,1,NULL,'role:delegate:permission','权限下放',0,'00000000-0000-0000-0000-000000000000','2021-11-11 14:27:50','00000000-0000-0000-0000-000000000000','2021-11-11 14:27:50'),('4c4126b1-8c20-44a5-a2cf-9ea19e582af9',NULL,'数据导出',NULL,'c80f26ab-b2bc-4766-a40e-17ed9417a5c7',8,1,NULL,'role:list:export',NULL,0,'00000000-0000-0000-0000-000000000000','2021-04-28 18:04:02','00000000-0000-0000-0000-000000000000','2021-04-28 18:04:02'),('4ef0101a-9911-47d0-8555-841ce928903f',NULL,'编辑用户',NULL,'e2363d77-45aa-4be1-b878-48d31aed728b',3,1,NULL,'user:edit:entity','编辑用户',0,'00000000-0000-0000-0000-000000000000','2021-04-10 18:01:32','00000000-0000-0000-0000-000000000000','2021-04-10 18:01:32'),('5be9a12e-1c91-40bb-be8e-3f38da256c19',NULL,'编辑菜单',NULL,'cf7929b6-f9d9-4100-85f9-f63582583a61',3,1,NULL,'menu:edit:entity','编辑菜单',0,'00000000-0000-0000-0000-000000000000','2021-04-10 18:06:33','00000000-0000-0000-0000-000000000000','2021-04-10 18:06:33'),('60f51a50-7fb8-47df-bbee-20a4bb29d650',NULL,'编辑角色',NULL,'c80f26ab-b2bc-4766-a40e-17ed9417a5c7',3,1,NULL,'role:edit:entity','编辑角色',0,'00000000-0000-0000-0000-000000000000','2021-04-10 18:17:47','00000000-0000-0000-0000-000000000000','2021-04-10 18:17:47'),('63f294fb-eea5-41cf-8343-b43d60fdd680','/system','导入配置','/ImportConfigManagement','aa0a8b78-5e35-46f5-be7e-2a55f20f6470',7,0,'form',NULL,'导入配置',0,'00000000-0000-0000-0000-000000000000','2021-04-29 15:10:12','00000000-0000-0000-0000-000000000000','2021-04-29 16:51:36'),('837a330f-11bd-4a70-93b5-25af2c905408',NULL,'关联菜单',NULL,'c80f26ab-b2bc-4766-a40e-17ed9417a5c7',6,1,NULL,'role:relate:menus','关联菜单',0,'00000000-0000-0000-0000-000000000000','2021-04-10 21:59:03','00000000-0000-0000-0000-000000000000','2021-04-10 21:59:03'),('8d549066-fe5d-466c-b540-3525ebf30def',NULL,'新增机构',NULL,'b0652b6e-51ee-49ff-88b9-019bc8378f0b',2,1,NULL,'org:add:entity','新增机构',0,'00000000-0000-0000-0000-000000000000','2021-04-10 17:55:41','00000000-0000-0000-0000-000000000000','2021-04-10 17:55:56'),('8ef1c60e-d626-4a01-9bb2-8e609c0b40fc',NULL,'启动任务',NULL,'328734a7-3aab-424d-8fb5-101a30335e3c',4,1,NULL,'schedule:job:add',NULL,0,'00000000-0000-0000-0000-000000000000','2021-08-24 14:44:40','00000000-0000-0000-0000-000000000000','2021-08-24 14:44:40'),('8ff6bcd2-8701-4f45-aea2-bbc78718c4fb',NULL,'恢复任务',NULL,'328734a7-3aab-424d-8fb5-101a30335e3c',6,1,NULL,'schedule:job:resume',NULL,0,'00000000-0000-0000-0000-000000000000','2021-08-24 14:45:34','00000000-0000-0000-0000-000000000000','2021-08-24 14:53:34'),('9321de30-10c8-4709-aff3-bba47312693f','/system','日志管理','/LogManagement','aa0a8b78-5e35-46f5-be7e-2a55f20f6470',6,0,'documentation',NULL,'日志管理菜单',0,'00000000-0000-0000-0000-000000000000','2021-04-10 16:12:40','00000000-0000-0000-0000-000000000000','2021-04-29 15:17:23'),('9e02c48e-3b3f-4f24-8005-b13c63d437c0','/system','机构管理',NULL,'aa0a8b78-5e35-46f5-be7e-2a55f20f6470',20,0,NULL,NULL,NULL,1,'00000000-0000-0000-0000-000000000000','2021-09-01 16:53:04','00000000-0000-0000-0000-000000000000','2021-09-01 17:12:00'),('a27a2518-53d8-4ed2-9655-3e1781d615dd','/system','码表管理','/CodeTableManagement','aa0a8b78-5e35-46f5-be7e-2a55f20f6470',5,0,'table',NULL,'码表管理菜单',0,'00000000-0000-0000-0000-000000000000','2021-04-10 16:11:47','00000000-0000-0000-0000-000000000000','2021-04-29 15:17:19'),('a4416f30-7381-48d2-a074-b2e9a9481c3c',NULL,'数据导入',NULL,'c80f26ab-b2bc-4766-a40e-17ed9417a5c7',9,1,NULL,'role:list:import',NULL,0,'00000000-0000-0000-0000-000000000000','2021-05-07 10:29:59','00000000-0000-0000-0000-000000000000','2021-05-07 10:29:59'),('a63b6939-563f-41a2-b526-525560069e3b',NULL,'查询列表',NULL,'328734a7-3aab-424d-8fb5-101a30335e3c',0,1,NULL,'job:query:list',NULL,0,'00000000-0000-0000-0000-000000000000','2021-08-24 14:42:36','00000000-0000-0000-0000-000000000000','2021-08-24 14:42:36'),('aa0a8b78-5e35-46f5-be7e-2a55f20f6470','/system','系统管理','',NULL,1,0,'tree',NULL,'系统管理目录',0,'00000000-0000-0000-0000-000000000000','2021-04-10 15:44:23','00000000-0000-0000-0000-000000000000','2021-06-11 14:12:01'),('b0652b6e-51ee-49ff-88b9-019bc8378f0b','/system','机构管理','/OrganizationManagement','aa0a8b78-5e35-46f5-be7e-2a55f20f6470',1,0,'tree-table','','机构管理',0,'00000000-0000-0000-0000-000000000000','2021-04-10 16:05:25','00000000-0000-0000-0000-000000000000','2021-09-01 16:51:56'),('b25958ea-608d-436f-8e01-b8fcc101905d','/system','多语管理','/LanguageManagement','aa0a8b78-5e35-46f5-be7e-2a55f20f6470',10,0,'form',NULL,NULL,0,'00000000-0000-0000-0000-000000000000','2021-08-05 11:20:24','00000000-0000-0000-0000-000000000000','2021-08-24 14:41:20'),('b807f782-8b8c-49b6-a62d-e230dd44cd7e',NULL,'删除角色',NULL,'c80f26ab-b2bc-4766-a40e-17ed9417a5c7',4,1,NULL,'role:del:entities','删除角色',0,'00000000-0000-0000-0000-000000000000','2021-04-10 18:18:23','00000000-0000-0000-0000-000000000000','2021-04-10 18:18:23'),('be4b8341-f1a7-473b-bad7-5b4b41732e49','/system','在线管理','/OnlineUserManagement','aa0a8b78-5e35-46f5-be7e-2a55f20f6470',8,0,'form',NULL,NULL,0,'00000000-0000-0000-0000-000000000000','2021-06-09 15:16:25','00000000-0000-0000-0000-000000000000','2021-06-09 15:18:22'),('bec177ff-23ce-449f-ade4-dd0e62142842',NULL,'编辑机构',NULL,'b0652b6e-51ee-49ff-88b9-019bc8378f0b',3,1,NULL,'org:edit:entity','编辑机构',0,'00000000-0000-0000-0000-000000000000','2021-04-10 17:56:36','00000000-0000-0000-0000-000000000000','2021-04-10 17:56:36'),('c13577ae-a6aa-41eb-b1f2-62af176891c4',NULL,'编辑任务',NULL,'328734a7-3aab-424d-8fb5-101a30335e3c',2,1,NULL,'job:edit:entity',NULL,0,'00000000-0000-0000-0000-000000000000','2021-08-24 14:43:48','00000000-0000-0000-0000-000000000000','2021-08-24 14:43:48'),('c277f700-ac70-40f4-a290-28eddefac820',NULL,'查询列表',NULL,'63f294fb-eea5-41cf-8343-b43d60fdd680',1,1,NULL,'import:config:query:list',NULL,0,'00000000-0000-0000-0000-000000000000','2021-04-29 15:15:21','00000000-0000-0000-0000-000000000000','2021-04-29 15:15:21'),('c27d9de3-78ae-4577-8bdd-e4eea63010af',NULL,'查询列表',NULL,'cf7929b6-f9d9-4100-85f9-f63582583a61',1,1,NULL,'menu:query:list','查询列表',0,'00000000-0000-0000-0000-000000000000','2021-04-10 18:05:09','00000000-0000-0000-0000-000000000000','2021-04-10 18:05:09'),('c3be9eb3-d1da-4af7-8820-aeaf0283cdec',NULL,'查询列表',NULL,'b25958ea-608d-436f-8e01-b8fcc101905d',1,1,NULL,'language:query:list',NULL,0,'00000000-0000-0000-0000-000000000000','2021-08-05 11:21:36','00000000-0000-0000-0000-000000000000','2021-08-05 11:21:36'),('c80f26ab-b2bc-4766-a40e-17ed9417a5c7','/system','角色管理','/RoleManagement','aa0a8b78-5e35-46f5-be7e-2a55f20f6470',4,0,'theme',NULL,'角色管理菜单',0,'00000000-0000-0000-0000-000000000000','2021-04-10 16:10:47','00000000-0000-0000-0000-000000000000','2021-04-29 15:24:48'),('ccb42490-1389-40a2-86a0-ff77553bc740',NULL,'删除任务',NULL,'328734a7-3aab-424d-8fb5-101a30335e3c',3,1,NULL,'job:del:entity',NULL,0,'00000000-0000-0000-0000-000000000000','2021-08-24 14:44:12','00000000-0000-0000-0000-000000000000','2021-08-24 14:44:12'),('cf7929b6-f9d9-4100-85f9-f63582583a61','/system','菜单管理','/MenuManagement','aa0a8b78-5e35-46f5-be7e-2a55f20f6470',3,0,'list',NULL,'菜单管理目录',0,'00000000-0000-0000-0000-000000000000','2021-04-10 16:10:01','00000000-0000-0000-0000-000000000000','2021-04-10 16:10:01'),('d0ebd39e-9a82-42fa-986e-c7235747a758',NULL,'查询列表',NULL,'c80f26ab-b2bc-4766-a40e-17ed9417a5c7',1,2,NULL,'role:query:list','查询列表',0,'00000000-0000-0000-0000-000000000000','2021-04-10 18:16:44','00000000-0000-0000-0000-000000000000','2021-04-10 18:16:44'),('d25ea44a-4aba-47eb-b9ba-a42799d7a535',NULL,'新增菜单',NULL,'cf7929b6-f9d9-4100-85f9-f63582583a61',2,1,NULL,'menu:add:entity','新增菜单',0,'00000000-0000-0000-0000-000000000000','2021-04-10 18:04:32','00000000-0000-0000-0000-000000000000','2021-04-10 18:04:32'),('de435288-c697-4072-8215-394dc7f80ca6',NULL,'查询列表',NULL,'e2363d77-45aa-4be1-b878-48d31aed728b',1,2,NULL,'user:query:list','查询列表',0,'00000000-0000-0000-0000-000000000000','2021-04-10 18:00:41','00000000-0000-0000-0000-000000000000','2021-04-10 18:00:41'),('e2363d77-45aa-4be1-b878-48d31aed728b','/system','用户管理','/UserManagement','aa0a8b78-5e35-46f5-be7e-2a55f20f6470',2,0,'user',NULL,'用户管理菜单',0,'00000000-0000-0000-0000-000000000000','2021-04-10 16:05:01','00000000-0000-0000-0000-000000000000','2021-09-01 17:13:02'),('e2aaab2a-1b25-4e45-b54f-160bc6d332df',NULL,'新增用户',NULL,'e2363d77-45aa-4be1-b878-48d31aed728b',2,1,NULL,'user:add:entity','新增用户',0,'00000000-0000-0000-0000-000000000000','2021-04-10 18:01:08','00000000-0000-0000-0000-000000000000','2021-04-10 18:01:08'),('eae2b1cf-26e5-4086-ae44-7f7f3c8a50d4',NULL,'删除配置',NULL,'63f294fb-eea5-41cf-8343-b43d60fdd680',4,1,NULL,'import:config:del:entities',NULL,0,'00000000-0000-0000-0000-000000000000','2021-04-29 15:16:51','00000000-0000-0000-0000-000000000000','2021-04-29 15:16:51'),('eb926dd8-63ba-49a4-8445-df2850f763c9',NULL,'新增任务',NULL,'328734a7-3aab-424d-8fb5-101a30335e3c',1,1,NULL,'job:add:entity',NULL,0,'00000000-0000-0000-0000-000000000000','2021-08-24 14:43:18','00000000-0000-0000-0000-000000000000','2021-08-24 14:43:18'),('ed4354fd-9611-41a9-abdc-383624db7a01',NULL,'查询列表',NULL,'be4b8341-f1a7-473b-bad7-5b4b41732e49',1,1,NULL,'user:query:onlineUsers',NULL,0,'00000000-0000-0000-0000-000000000000','2021-06-09 15:17:08','00000000-0000-0000-0000-000000000000','2021-06-09 15:17:08'),('f21f1b48-b743-4e01-a5d7-c50ebfd2fe78',NULL,'删除码表',NULL,'a27a2518-53d8-4ed2-9655-3e1781d615dd',4,1,NULL,'code:del:entities','删除码表',0,'00000000-0000-0000-0000-000000000000','2021-04-10 18:28:26','00000000-0000-0000-0000-000000000000','2021-04-10 18:28:26'),('f425487a-72a1-469d-8fa1-2334db69aba4',NULL,'查询列表',NULL,'a27a2518-53d8-4ed2-9655-3e1781d615dd',1,2,NULL,'code:query:list','查询列表',0,'00000000-0000-0000-0000-000000000000','2021-04-10 18:24:37','00000000-0000-0000-0000-000000000000','2021-04-10 18:24:37');
/*!40000 ALTER TABLE `SysMenu` ENABLE KEYS */;
UNLOCK TABLES;

--
-- Table structure for table `SysMenuLanguage`
--

DROP TABLE IF EXISTS `SysMenuLanguage`;
/*!40101 SET @saved_cs_client     = @@character_set_client */;
/*!50503 SET character_set_client = utf8mb4 */;
CREATE TABLE `SysMenuLanguage` (
  `Id` varchar(36) NOT NULL COMMENT '主键',
  `MenuId` varchar(36) NOT NULL COMMENT '菜单编号',
  `LanguageId` varchar(36) NOT NULL COMMENT '语言编号',
  `MenuName` varchar(128) NOT NULL COMMENT '菜单名称',
  `Remark` varchar(512) DEFAULT NULL COMMENT '备注',
  `IsDel` int NOT NULL COMMENT '标志位',
  `Creator` varchar(36) NOT NULL COMMENT '创建人',
  `CreateTime` datetime(3) NOT NULL COMMENT '创建时间',
  `Modifier` varchar(36) NOT NULL COMMENT '修改人',
  `ModifyTime` datetime(3) NOT NULL COMMENT '修改时间',
  PRIMARY KEY (`Id`),
  KEY `sml_MenuId_idx` (`MenuId`),
  KEY `sml_LanguageId_idx` (`LanguageId`),
  CONSTRAINT `sml_LanguageId` FOREIGN KEY (`LanguageId`) REFERENCES `SysLanguage` (`Id`),
  CONSTRAINT `sml_MenuId` FOREIGN KEY (`MenuId`) REFERENCES `SysMenu` (`Id`)
) ENGINE=InnoDB DEFAULT CHARSET=utf8 COMMENT='菜单多语表';
/*!40101 SET character_set_client = @saved_cs_client */;

--
-- Dumping data for table `SysMenuLanguage`
--

LOCK TABLES `SysMenuLanguage` WRITE;
/*!40000 ALTER TABLE `SysMenuLanguage` DISABLE KEYS */;
INSERT INTO `SysMenuLanguage` VALUES ('0bf54370-bd65-4a1c-8b6f-01fde552d168','b0652b6e-51ee-49ff-88b9-019bc8378f0b','8223b5c4-c55a-4f02-98d2-ba7f320b0ea7','OrgManage',NULL,0,'00000000-0000-0000-0000-000000000000','2021-09-01 16:51:56','00000000-0000-0000-0000-000000000000','2021-09-01 16:51:56'),('19b2fc8e-b374-43cc-8812-a056f2e87226','e2363d77-45aa-4be1-b878-48d31aed728b','8223b5c4-c55a-4f02-98d2-ba7f320b0ea7','UserManage',NULL,0,'00000000-0000-0000-0000-000000000000','2021-09-01 17:13:02','00000000-0000-0000-0000-000000000000','2021-09-01 17:13:02'),('319fd164-d116-441e-bfae-0f24da6db973','9e02c48e-3b3f-4f24-8005-b13c63d437c0','8306a39f-bfbd-430f-8315-15b6ebe3861d','abc',NULL,1,'00000000-0000-0000-0000-000000000000','2021-09-01 16:53:09','00000000-0000-0000-0000-000000000000','2021-09-01 17:12:00'),('3f4da931-b98c-4ad9-ace9-5e7fe157cd1f','9e02c48e-3b3f-4f24-8005-b13c63d437c0','8223b5c4-c55a-4f02-98d2-ba7f320b0ea7','ru',NULL,1,'00000000-0000-0000-0000-000000000000','2021-09-01 16:53:11','00000000-0000-0000-0000-000000000000','2021-09-01 17:12:00'),('6048abf8-ca30-45f4-90d8-7831eedb595e','e2363d77-45aa-4be1-b878-48d31aed728b','8306a39f-bfbd-430f-8315-15b6ebe3861d','UserManagement',NULL,0,'00000000-0000-0000-0000-000000000000','2021-09-01 17:13:02','00000000-0000-0000-0000-000000000000','2021-09-01 17:13:02'),('7ee805a9-e045-429c-825f-990426c75a75','b0652b6e-51ee-49ff-88b9-019bc8378f0b','8223b5c4-c55a-4f02-98d2-ba7f320b0ea7','OrgManage',NULL,1,'00000000-0000-0000-0000-000000000000','2021-09-01 16:51:35','00000000-0000-0000-0000-000000000000','2021-09-01 16:51:56'),('a08245cd-d3f0-41ba-a5a3-ed95853a4aa6','b0652b6e-51ee-49ff-88b9-019bc8378f0b','8306a39f-bfbd-430f-8315-15b6ebe3861d','OrganizationManagement',NULL,1,'00000000-0000-0000-0000-000000000000','2021-09-01 16:51:13','00000000-0000-0000-0000-000000000000','2021-09-01 16:51:34'),('aabbc321-8f26-423f-89ed-46f5e8ed4ae0','b0652b6e-51ee-49ff-88b9-019bc8378f0b','8223b5c4-c55a-4f02-98d2-ba7f320b0ea7','OrgManage',NULL,1,'00000000-0000-0000-0000-000000000000','2021-09-01 16:51:28','00000000-0000-0000-0000-000000000000','2021-09-01 16:51:35'),('ea4c0742-28ac-48c2-a7f5-31f0508c9e4b','b0652b6e-51ee-49ff-88b9-019bc8378f0b','8306a39f-bfbd-430f-8315-15b6ebe3861d','OrganizationManagement',NULL,0,'00000000-0000-0000-0000-000000000000','2021-09-01 16:51:56','00000000-0000-0000-0000-000000000000','2021-09-01 16:51:56'),('ed30a015-6ceb-4592-aca5-00dd95774aa7','b0652b6e-51ee-49ff-88b9-019bc8378f0b','8306a39f-bfbd-430f-8315-15b6ebe3861d','OrganizationManagement',NULL,1,'00000000-0000-0000-0000-000000000000','2021-09-01 16:51:34','00000000-0000-0000-0000-000000000000','2021-09-01 16:51:56');
/*!40000 ALTER TABLE `SysMenuLanguage` ENABLE KEYS */;
UNLOCK TABLES;

--
-- Table structure for table `SysOrganization`
--

DROP TABLE IF EXISTS `SysOrganization`;
/*!40101 SET @saved_cs_client     = @@character_set_client */;
/*!50503 SET character_set_client = utf8mb4 */;
CREATE TABLE `SysOrganization` (
  `Id` varchar(36) NOT NULL COMMENT '主键',
  `OrgName` varchar(128) NOT NULL COMMENT '机构名称',
  `ParentId` varchar(36) DEFAULT NULL COMMENT '父键',
  `Leader` varchar(36) DEFAULT NULL COMMENT '主管人',
  `Order` int DEFAULT NULL COMMENT '序号',
  `Remark` varchar(512) DEFAULT NULL COMMENT '备注',
  `IsDel` int NOT NULL COMMENT '标志位',
  `Creator` varchar(36) NOT NULL COMMENT '创建人',
  `CreateTime` datetime(3) NOT NULL COMMENT '创建时间',
  `Modifier` varchar(36) NOT NULL COMMENT '修改人',
  `ModifyTime` datetime(3) NOT NULL COMMENT '修改时间',
  PRIMARY KEY (`Id`)
) ENGINE=InnoDB DEFAULT CHARSET=utf8 COMMENT='机构表';
/*!40101 SET character_set_client = @saved_cs_client */;

--
-- Dumping data for table `SysOrganization`
--

LOCK TABLES `SysOrganization` WRITE;
/*!40000 ALTER TABLE `SysOrganization` DISABLE KEYS */;
INSERT INTO `SysOrganization` VALUES ('39b86e17-1b98-4898-a1c0-8faef7f66788','DBA','5a948c7d-56ea-477d-850e-1386f1dcdc2c',NULL,6,'',0,'00000000-0000-0000-0000-000000000000','2021-04-08 10:00:45','00000000-0000-0000-0000-000000000000','2021-04-29 16:48:08'),('504b3320-1b29-4493-98fd-e7d15f338569','UI设计','5a948c7d-56ea-477d-850e-1386f1dcdc2c',NULL,5,'',0,'00000000-0000-0000-0000-000000000000','2021-04-08 09:44:48','00000000-0000-0000-0000-000000000000','2021-04-08 13:18:16'),('57126a11-842e-493d-bc4f-e8c18853e6ed','硬件开发','5a948c7d-56ea-477d-850e-1386f1dcdc2c',NULL,2,'二级组织',0,'00000000-0000-0000-0000-000000000000','2021-04-08 09:29:54','00000000-0000-0000-0000-000000000000','2021-06-22 15:14:12'),('5a948c7d-56ea-477d-850e-1386f1dcdc2c','研发部','ab907b1e-13a3-4c04-85db-f560f9c8f9aa',NULL,1,'一级部门',0,'00000000-0000-0000-0000-000000000000','2021-04-08 09:14:41','00000000-0000-0000-0000-000000000000','2021-07-02 16:04:06'),('66255038-acda-49a4-b260-ccafeedc6074','实施部','ab907b1e-13a3-4c04-85db-f560f9c8f9aa',NULL,2,'一级部门',0,'00000000-0000-0000-0000-000000000000','2021-04-08 09:27:35','00000000-0000-0000-0000-000000000000','2021-04-08 09:27:48'),('7955d133-040a-4e36-94fe-89c9c4a547e5','售后部','ab907b1e-13a3-4c04-85db-f560f9c8f9aa',NULL,3,'一级部门',0,'00000000-0000-0000-0000-000000000000','2021-04-08 09:28:46','00000000-0000-0000-0000-000000000000','2021-04-08 09:28:46'),('7d664253-e505-4157-83b0-01bb86028d66','技术支持','5a948c7d-56ea-477d-850e-1386f1dcdc2c',NULL,7,NULL,0,'00000000-0000-0000-0000-000000000000','2021-04-10 10:59:25','00000000-0000-0000-0000-000000000000','2021-04-29 16:47:07'),('8faffd3a-3bd2-4987-9cad-f658e83dc283','系统测试','5a948c7d-56ea-477d-850e-1386f1dcdc2c',NULL,3,'系统测试',0,'00000000-0000-0000-0000-000000000000','2021-04-08 09:31:17','00000000-0000-0000-0000-000000000000','2021-06-11 13:55:48'),('9756e90f-9505-4990-ac0e-135c58bc6f29','软件开发','5a948c7d-56ea-477d-850e-1386f1dcdc2c','b09bbb4b-a7f0-4f7a-8f3d-dbb895f3edc5',1,'二级组织',0,'00000000-0000-0000-0000-000000000000','2021-04-08 09:29:38','00000000-0000-0000-0000-000000000000','2021-06-22 15:14:07'),('99b57766-c9f3-40ec-ac45-9d2cbe79ee08','需求分析','5a948c7d-56ea-477d-850e-1386f1dcdc2c',NULL,4,NULL,0,'00000000-0000-0000-0000-000000000000','2021-04-08 10:00:13','00000000-0000-0000-0000-000000000000','2021-06-11 14:11:21'),('ab907b1e-13a3-4c04-85db-f560f9c8f9aa','如意Admin',NULL,NULL,1,'根本目录',0,'00000000-0000-0000-0000-000000000000','2021-03-14 12:38:56','00000000-0000-0000-0000-000000000000','2021-04-29 16:51:12'),('e4bcf807-6bd2-4aa5-ba6f-8ef85840fd65','营销部','ab907b1e-13a3-4c04-85db-f560f9c8f9aa',NULL,3,'一级部门',0,'00000000-0000-0000-0000-000000000000','2021-04-08 09:28:25','00000000-0000-0000-0000-000000000000','2021-04-08 09:28:25');
/*!40000 ALTER TABLE `SysOrganization` ENABLE KEYS */;
UNLOCK TABLES;

--
-- Table structure for table `SysUser`
--

DROP TABLE IF EXISTS `SysUser`;
/*!40101 SET @saved_cs_client     = @@character_set_client */;
/*!50503 SET character_set_client = utf8mb4 */;
CREATE TABLE `SysUser` (
  `Id` varchar(36) NOT NULL COMMENT '主键',
  `LogonName` varchar(128) NOT NULL COMMENT '登录名称',
  `DisplayName` varchar(128) NOT NULL COMMENT '用户姓名',
  `Password` varchar(512) DEFAULT NULL COMMENT '登陆密码',
  `Telephone` varchar(45) DEFAULT NULL COMMENT '座机',
  `MobilePhone` varchar(45) DEFAULT NULL COMMENT '手机',
  `Email` varchar(45) DEFAULT NULL COMMENT '邮箱',
  `Remark` varchar(512) DEFAULT NULL COMMENT '备注',
  `IsSupperAdmin` int DEFAULT NULL COMMENT '是否是超级管理员',
  `Order` int DEFAULT NULL COMMENT '序号',
  `IsEnabled` int NOT NULL DEFAULT '1' COMMENT '是否启用，0：禁用，1：启用',
  `IsDel` int NOT NULL COMMENT '标志位',
  `Creator` varchar(36) NOT NULL COMMENT '创建人',
  `CreateTime` datetime(3) NOT NULL COMMENT '创建时间',
  `Modifier` varchar(36) NOT NULL COMMENT '修改人',
  `ModifyTime` datetime(3) NOT NULL COMMENT '修改时间',
  PRIMARY KEY (`Id`),
  UNIQUE KEY `LogonName_UNIQUE` (`LogonName`)
) ENGINE=InnoDB DEFAULT CHARSET=utf8 COMMENT='用户表';
/*!40101 SET character_set_client = @saved_cs_client */;

--
-- Dumping data for table `SysUser`
--

LOCK TABLES `SysUser` WRITE;
/*!40000 ALTER TABLE `SysUser` DISABLE KEYS */;
INSERT INTO `SysUser` VALUES ('00000000-0000-0000-0000-000000000000','admin','超级管理员','kcAVKc+BvoWtRUcIwXZ72w==',NULL,NULL,NULL,NULL,1,0,1,0,'00000000-0000-0000-0000-000000000000','2021-04-09 11:46:43','00000000-0000-0000-0000-000000000000','2021-04-09 11:46:43'),('45aeff89-2867-43e7-9b40-296233c069c5','ruyi','如意','kcAVKc+BvoWtRUcIwXZ72w==','010-55558888','13555556666','ruyi@qq.com','如意小朋友',0,1,1,0,'00000000-0000-0000-0000-000000000000','2021-04-09 11:46:43','00000000-0000-0000-0000-000000000000','2021-09-27 16:24:49'),('6f415677-cc02-4efa-bfbd-fa7c1c2c561d','hello','你好','kcAVKc+BvoWtRUcIwXZ72w==',NULL,NULL,NULL,'xx',0,1,1,0,'00000000-0000-0000-0000-000000000000','2021-06-11 14:01:38','00000000-0000-0000-0000-000000000000','2021-07-02 16:04:25'),('930cc8e2-f1ae-404d-9258-6167a3acbcbc','shisih','实施','kcAVKc+BvoWtRUcIwXZ72w==',NULL,NULL,NULL,'pp',0,1,1,0,'00000000-0000-0000-0000-000000000000','2021-04-11 12:14:58','00000000-0000-0000-0000-000000000000','2021-06-11 13:58:56'),('b09bbb4b-a7f0-4f7a-8f3d-dbb895f3edc5','test','测试账号','kcAVKc+BvoWtRUcIwXZ72w==',NULL,NULL,NULL,'xy',0,1,1,0,'00000000-0000-0000-0000-000000000000','2021-04-11 12:14:37','00000000-0000-0000-0000-000000000000','2021-06-11 14:00:25');
/*!40000 ALTER TABLE `SysUser` ENABLE KEYS */;
UNLOCK TABLES;

--
-- Table structure for table `SysOrgUser`
--

DROP TABLE IF EXISTS `SysOrgUser`;
/*!40101 SET @saved_cs_client     = @@character_set_client */;
/*!50503 SET character_set_client = utf8mb4 */;
CREATE TABLE `SysOrgUser` (
  `Id` varchar(36) NOT NULL COMMENT '主键',
  `OrgId` varchar(36) NOT NULL COMMENT '机构编号',
  `UserId` varchar(36) NOT NULL COMMENT '用户编号',
  `Remark` varchar(512) DEFAULT NULL COMMENT '备注',
  `IsDel` int NOT NULL COMMENT '标志位',
  `Creator` varchar(36) NOT NULL COMMENT '创建人',
  `CreateTime` datetime(3) NOT NULL COMMENT '创建时间',
  `Modifier` varchar(36) NOT NULL COMMENT '修改人',
  `ModifyTime` datetime(3) NOT NULL COMMENT '修改时间',
  PRIMARY KEY (`Id`),
  KEY `sou_orgid_idx` (`OrgId`),
  KEY `sou_userid_idx` (`UserId`),
  CONSTRAINT `sou_orgid` FOREIGN KEY (`OrgId`) REFERENCES `SysOrganization` (`Id`),
  CONSTRAINT `sou_userid` FOREIGN KEY (`UserId`) REFERENCES `SysUser` (`Id`)
) ENGINE=InnoDB DEFAULT CHARSET=utf8 COMMENT='机构用户关系表';
/*!40101 SET character_set_client = @saved_cs_client */;

--
-- Dumping data for table `SysOrgUser`
--

LOCK TABLES `SysOrgUser` WRITE;
/*!40000 ALTER TABLE `SysOrgUser` DISABLE KEYS */;
INSERT INTO `SysOrgUser` VALUES ('0ce71313-2f99-4529-aa3c-bf08b3c613e7','ab907b1e-13a3-4c04-85db-f560f9c8f9aa','45aeff89-2867-43e7-9b40-296233c069c5',NULL,0,'00000000-0000-0000-0000-000000000000','2021-04-09 11:46:45','00000000-0000-0000-0000-000000000000','2021-04-09 11:46:45'),('7599136a-e1aa-49c2-8ae8-7689e79d9857','57126a11-842e-493d-bc4f-e8c18853e6ed','6f415677-cc02-4efa-bfbd-fa7c1c2c561d',NULL,0,'00000000-0000-0000-0000-000000000000','2021-06-11 14:01:38','00000000-0000-0000-0000-000000000000','2021-06-11 14:01:38'),('c5390b02-69c5-4829-9d07-f1dc15379aab','9756e90f-9505-4990-ac0e-135c58bc6f29','b09bbb4b-a7f0-4f7a-8f3d-dbb895f3edc5',NULL,0,'00000000-0000-0000-0000-000000000000','2021-04-11 12:14:37','00000000-0000-0000-0000-000000000000','2021-04-29 16:49:09'),('d6774ab4-5cec-46f5-912e-9a6cb3ae269e','66255038-acda-49a4-b260-ccafeedc6074','930cc8e2-f1ae-404d-9258-6167a3acbcbc',NULL,0,'00000000-0000-0000-0000-000000000000','2021-04-11 12:14:58','00000000-0000-0000-0000-000000000000','2021-04-29 16:49:09');
/*!40000 ALTER TABLE `SysOrgUser` ENABLE KEYS */;
UNLOCK TABLES;

--
-- Table structure for table `SysRole`
--

DROP TABLE IF EXISTS `SysRole`;
/*!40101 SET @saved_cs_client     = @@character_set_client */;
/*!50503 SET character_set_client = utf8mb4 */;
CREATE TABLE `SysRole` (
  `Id` varchar(36) NOT NULL COMMENT '主键',
  `RoleName` varchar(128) NOT NULL COMMENT '角色名称',
  `Order` int DEFAULT NULL COMMENT '序号',
  `Remark` varchar(512) DEFAULT NULL COMMENT '备注',
  `IsDel` int NOT NULL COMMENT '标志位',
  `Creator` varchar(36) NOT NULL COMMENT '创建人',
  `CreateTime` datetime(3) NOT NULL COMMENT '创建时间',
  `Modifier` varchar(36) NOT NULL COMMENT '修改人',
  `ModifyTime` datetime(3) NOT NULL COMMENT '修改时间',
  PRIMARY KEY (`Id`)
) ENGINE=InnoDB DEFAULT CHARSET=utf8 COMMENT='角色表';
/*!40101 SET character_set_client = @saved_cs_client */;

--
-- Dumping data for table `SysRole`
--

LOCK TABLES `SysRole` WRITE;
/*!40000 ALTER TABLE `SysRole` DISABLE KEYS */;
INSERT INTO `SysRole` VALUES ('00793b23-7ed3-4e30-9906-0927f7f86543','Test1',21,'Test1',0,'00000000-0000-0000-0000-000000000000','2021-09-26 14:35:06','00000000-0000-0000-0000-000000000000','2021-09-26 14:35:06'),('07ceaf4b-834b-4103-9085-2d302c5bb0f0','Test2',20,'Test2',1,'00000000-0000-0000-0000-000000000000','2021-09-23 15:40:32','00000000-0000-0000-0000-000000000000','2021-09-26 14:35:01'),('40c3a340-4a71-489a-bdd7-c9f4eee1e743','安全审计岗',4,'安全审计角色',0,'00000000-0000-0000-0000-000000000000','2021-04-10 14:18:47','00000000-0000-0000-0000-000000000000','2021-04-11 16:19:42'),('43947b77-b453-4783-a3fc-81e6ab8e692c','权限管理岗',3,'权限管理',0,'00000000-0000-0000-0000-000000000000','2021-04-10 21:56:00','00000000-0000-0000-0000-000000000000','2021-04-29 15:29:49'),('46a7abd1-ed2a-4617-bd38-f03b256efe84','机构管理岗',1,'机构管理角色',0,'00000000-0000-0000-0000-000000000000','2021-04-10 14:17:10','00000000-0000-0000-0000-000000000000','2021-09-23 14:38:29'),('80c9a83f-05c8-4311-98fa-bec2a920746a','Test1',21,'Test1',1,'00000000-0000-0000-0000-000000000000','2021-09-23 15:40:32','00000000-0000-0000-0000-000000000000','2021-09-26 14:35:01'),('a59ec5b3-9e0c-4ca9-a13b-1a0b159c928b','用户管理岗',2,'用户管理角色',0,'00000000-0000-0000-0000-000000000000','2021-04-10 21:55:28','00000000-0000-0000-0000-000000000000','2021-06-11 14:12:09'),('df8af9fe-50c5-41b6-97dd-78e7d817c075','码表管理岗',5,'码表管理角色',0,'00000000-0000-0000-0000-000000000000','2021-04-10 14:20:20','00000000-0000-0000-0000-000000000000','2021-04-10 21:54:20'),('f71a85a8-86bf-45e1-8160-70f329f0cbed','Test2',22,'Test2',0,'00000000-0000-0000-0000-000000000000','2021-09-26 14:35:06','00000000-0000-0000-0000-000000000000','2021-09-26 14:35:06');
/*!40000 ALTER TABLE `SysRole` ENABLE KEYS */;
UNLOCK TABLES;

--
-- Table structure for table `SysRoleMenu`
--

DROP TABLE IF EXISTS `SysRoleMenu`;
/*!40101 SET @saved_cs_client     = @@character_set_client */;
/*!50503 SET character_set_client = utf8mb4 */;
CREATE TABLE `SysRoleMenu` (
  `Id` varchar(36) NOT NULL COMMENT '主键',
  `RoleId` varchar(36) NOT NULL COMMENT '角色编号',
  `MenuId` varchar(36) NOT NULL COMMENT '菜单编号',
  `Remark` varchar(512) DEFAULT NULL COMMENT '备注',
  `IsDel` int NOT NULL COMMENT '标志位',
  `Creator` varchar(36) NOT NULL COMMENT '创建人',
  `CreateTime` datetime(3) NOT NULL COMMENT '创建时间',
  `Modifier` varchar(36) NOT NULL COMMENT '修改人',
  `ModifyTime` datetime(3) NOT NULL COMMENT '修改时间',
  PRIMARY KEY (`Id`),
  KEY `sru_roleid_idx` (`RoleId`),
  KEY `srm_userid_idx` (`MenuId`),
  CONSTRAINT `srm_menuid` FOREIGN KEY (`MenuId`) REFERENCES `SysMenu` (`Id`),
  CONSTRAINT `srm_roleid` FOREIGN KEY (`RoleId`) REFERENCES `SysRole` (`Id`)
) ENGINE=InnoDB DEFAULT CHARSET=utf8 COMMENT='角色菜单关系表';
/*!40101 SET character_set_client = @saved_cs_client */;

--
-- Dumping data for table `SysRoleMenu`
--

LOCK TABLES `SysRoleMenu` WRITE;
/*!40000 ALTER TABLE `SysRoleMenu` DISABLE KEYS */;
INSERT INTO `SysRoleMenu` VALUES ('0092abd4-bd3c-49cb-885b-75fc4e20795f','46a7abd1-ed2a-4617-bd38-f03b256efe84','4ef0101a-9911-47d0-8555-841ce928903f',NULL,1,'00000000-0000-0000-0000-000000000000','2021-04-29 09:36:08','00000000-0000-0000-0000-000000000000','2021-04-29 15:33:42'),('0120d05f-cabb-4263-8197-c65f26b21b36','a59ec5b3-9e0c-4ca9-a13b-1a0b159c928b','4ef0101a-9911-47d0-8555-841ce928903f',NULL,0,'00000000-0000-0000-0000-000000000000','2021-04-11 16:17:25','00000000-0000-0000-0000-000000000000','2021-04-11 16:17:25'),('023c264b-c531-4322-87a5-803bfa6a1b0d','df8af9fe-50c5-41b6-97dd-78e7d817c075','f425487a-72a1-469d-8fa1-2334db69aba4',NULL,0,'00000000-0000-0000-0000-000000000000','2021-04-12 11:39:24','00000000-0000-0000-0000-000000000000','2021-04-12 11:39:24'),('05b594c0-4cdb-4ce1-b7a1-09c441540651','46a7abd1-ed2a-4617-bd38-f03b256efe84','26d0ed04-5670-4707-ad91-e2893edca2ed',NULL,0,'00000000-0000-0000-0000-000000000000','2021-04-29 15:33:42','00000000-0000-0000-0000-000000000000','2021-04-29 15:33:42'),('06df3d46-d37b-4593-9019-952ec10a16a4','46a7abd1-ed2a-4617-bd38-f03b256efe84','b0652b6e-51ee-49ff-88b9-019bc8378f0b',NULL,1,'00000000-0000-0000-0000-000000000000','2021-04-23 15:48:04','00000000-0000-0000-0000-000000000000','2021-04-23 16:32:20'),('08f07ebf-02b4-4881-8471-66f3e89c3cf4','46a7abd1-ed2a-4617-bd38-f03b256efe84','4ef0101a-9911-47d0-8555-841ce928903f',NULL,1,'00000000-0000-0000-0000-000000000000','2021-04-23 16:32:20','00000000-0000-0000-0000-000000000000','2021-04-23 16:37:14'),('09426ceb-b0b0-4f39-84d7-fc385af403c2','46a7abd1-ed2a-4617-bd38-f03b256efe84','bec177ff-23ce-449f-ade4-dd0e62142842',NULL,1,'00000000-0000-0000-0000-000000000000','2021-04-23 15:48:04','00000000-0000-0000-0000-000000000000','2021-04-23 16:32:20'),('0a9c7990-be95-40af-9c84-9819ab2d4ea8','46a7abd1-ed2a-4617-bd38-f03b256efe84','e2aaab2a-1b25-4e45-b54f-160bc6d332df',NULL,1,'00000000-0000-0000-0000-000000000000','2021-04-29 09:36:08','00000000-0000-0000-0000-000000000000','2021-04-29 15:33:42'),('0c2bfdc2-11ca-4f06-91e1-32cd89d725a7','46a7abd1-ed2a-4617-bd38-f03b256efe84','b0652b6e-51ee-49ff-88b9-019bc8378f0b',NULL,0,'00000000-0000-0000-0000-000000000000','2021-04-29 15:33:42','00000000-0000-0000-0000-000000000000','2021-04-29 15:33:42'),('0d900314-c4f4-4f4c-8b48-e32bce4b6d26','46a7abd1-ed2a-4617-bd38-f03b256efe84','de435288-c697-4072-8215-394dc7f80ca6',NULL,1,'00000000-0000-0000-0000-000000000000','2021-04-25 10:17:58','00000000-0000-0000-0000-000000000000','2021-04-29 09:36:07'),('0ea56c75-4536-433f-a9e6-4669c2c98ff2','43947b77-b453-4783-a3fc-81e6ab8e692c','18cd9b4c-bfbd-442b-86dc-11eee193d886',NULL,0,'00000000-0000-0000-0000-000000000000','2021-04-11 16:17:43','00000000-0000-0000-0000-000000000000','2021-04-11 16:17:43'),('11a2e66b-e1ae-42d3-92b6-a97c003fbc32','46a7abd1-ed2a-4617-bd38-f03b256efe84','aa0a8b78-5e35-46f5-be7e-2a55f20f6470',NULL,1,'00000000-0000-0000-0000-000000000000','2021-04-29 09:36:08','00000000-0000-0000-0000-000000000000','2021-04-29 15:33:42'),('12d442dd-ec97-4af6-9b60-084fb46e7cab','a59ec5b3-9e0c-4ca9-a13b-1a0b159c928b','e2aaab2a-1b25-4e45-b54f-160bc6d332df',NULL,0,'00000000-0000-0000-0000-000000000000','2021-04-11 16:17:25','00000000-0000-0000-0000-000000000000','2021-04-11 16:17:25'),('1cfa9d25-a57b-49f7-ac9d-ace80f3ec2b4','46a7abd1-ed2a-4617-bd38-f03b256efe84','e2aaab2a-1b25-4e45-b54f-160bc6d332df',NULL,0,'00000000-0000-0000-0000-000000000000','2021-04-29 15:33:43','00000000-0000-0000-0000-000000000000','2021-04-29 15:33:43'),('1d2966bc-1e6f-4419-9519-474b3528c455','df8af9fe-50c5-41b6-97dd-78e7d817c075','13e73c0d-a285-43af-9167-eef89381d08e',NULL,0,'00000000-0000-0000-0000-000000000000','2021-04-12 11:39:24','00000000-0000-0000-0000-000000000000','2021-04-12 11:39:24'),('205cd604-63db-4b46-acd8-1a40e385006b','46a7abd1-ed2a-4617-bd38-f03b256efe84','45c8b9cf-5ac2-4e42-9cc8-051871a1d63f',NULL,1,'00000000-0000-0000-0000-000000000000','2021-04-23 16:37:14','00000000-0000-0000-0000-000000000000','2021-04-23 17:21:32'),('23de9227-c943-4d41-9058-d7f3284a2a67','46a7abd1-ed2a-4617-bd38-f03b256efe84','45c8b9cf-5ac2-4e42-9cc8-051871a1d63f',NULL,1,'00000000-0000-0000-0000-000000000000','2021-04-25 10:17:58','00000000-0000-0000-0000-000000000000','2021-04-29 09:36:07'),('247eade8-d8d6-43a9-b14d-d79f6feb6fc3','46a7abd1-ed2a-4617-bd38-f03b256efe84','e2aaab2a-1b25-4e45-b54f-160bc6d332df',NULL,1,'00000000-0000-0000-0000-000000000000','2021-04-23 16:32:20','00000000-0000-0000-0000-000000000000','2021-04-23 16:37:14'),('25be70b6-477f-416b-a0ab-527ecd564351','46a7abd1-ed2a-4617-bd38-f03b256efe84','bec177ff-23ce-449f-ade4-dd0e62142842',NULL,1,'00000000-0000-0000-0000-000000000000','2021-04-23 16:37:14','00000000-0000-0000-0000-000000000000','2021-04-23 17:21:32'),('2725a2e1-20ac-493e-b0f8-7155840cf3b6','46a7abd1-ed2a-4617-bd38-f03b256efe84','aa0a8b78-5e35-46f5-be7e-2a55f20f6470',NULL,1,'00000000-0000-0000-0000-000000000000','2021-04-23 16:32:20','00000000-0000-0000-0000-000000000000','2021-04-23 16:37:14'),('2b747e3f-84ee-42de-9ded-f68e356f20f7','46a7abd1-ed2a-4617-bd38-f03b256efe84','8d549066-fe5d-466c-b540-3525ebf30def',NULL,0,'00000000-0000-0000-0000-000000000000','2021-04-29 15:33:42','00000000-0000-0000-0000-000000000000','2021-04-29 15:33:42'),('2fcec787-17e8-4a5d-a665-03949070c8d1','40c3a340-4a71-489a-bdd7-c9f4eee1e743','9321de30-10c8-4709-aff3-bba47312693f',NULL,0,'00000000-0000-0000-0000-000000000000','2021-04-11 16:18:01','00000000-0000-0000-0000-000000000000','2021-04-11 16:18:01'),('38f5d9c0-399c-4b54-bbcc-60c79b218b2b','46a7abd1-ed2a-4617-bd38-f03b256efe84','8d549066-fe5d-466c-b540-3525ebf30def',NULL,1,'00000000-0000-0000-0000-000000000000','2021-04-23 15:48:04','00000000-0000-0000-0000-000000000000','2021-04-23 16:32:20'),('390bda43-f6e8-4099-adab-aa7cb5cf2524','a59ec5b3-9e0c-4ca9-a13b-1a0b159c928b','e2363d77-45aa-4be1-b878-48d31aed728b',NULL,0,'00000000-0000-0000-0000-000000000000','2021-04-11 16:17:25','00000000-0000-0000-0000-000000000000','2021-04-11 16:17:25'),('3914498c-ad99-4e62-98ad-e3d513388902','46a7abd1-ed2a-4617-bd38-f03b256efe84','8d549066-fe5d-466c-b540-3525ebf30def',NULL,1,'00000000-0000-0000-0000-000000000000','2021-04-23 17:21:32','00000000-0000-0000-0000-000000000000','2021-04-25 10:17:58'),('3c49249d-a4a4-4081-873b-32112cf153d5','a59ec5b3-9e0c-4ca9-a13b-1a0b159c928b','de435288-c697-4072-8215-394dc7f80ca6',NULL,0,'00000000-0000-0000-0000-000000000000','2021-04-11 16:17:25','00000000-0000-0000-0000-000000000000','2021-04-11 16:17:25'),('40670af8-9fa1-40b9-9802-c4df2580e141','40c3a340-4a71-489a-bdd7-c9f4eee1e743','0d12b992-92df-4961-a50b-a2aac55da1e2',NULL,0,'00000000-0000-0000-0000-000000000000','2021-04-11 16:18:01','00000000-0000-0000-0000-000000000000','2021-04-11 16:18:01'),('44bfad32-b2bf-4916-b56d-121d431c64a1','46a7abd1-ed2a-4617-bd38-f03b256efe84','e2363d77-45aa-4be1-b878-48d31aed728b',NULL,1,'00000000-0000-0000-0000-000000000000','2021-04-29 09:36:08','00000000-0000-0000-0000-000000000000','2021-04-29 15:33:42'),('480e595a-713d-4bb6-b4fe-2cf6ab1aa397','46a7abd1-ed2a-4617-bd38-f03b256efe84','e2aaab2a-1b25-4e45-b54f-160bc6d332df',NULL,1,'00000000-0000-0000-0000-000000000000','2021-04-23 17:21:32','00000000-0000-0000-0000-000000000000','2021-04-25 10:17:58'),('482820c4-c5f2-4908-8944-f13fb8479a7b','46a7abd1-ed2a-4617-bd38-f03b256efe84','e2363d77-45aa-4be1-b878-48d31aed728b',NULL,1,'00000000-0000-0000-0000-000000000000','2021-04-23 17:21:32','00000000-0000-0000-0000-000000000000','2021-04-25 10:17:58'),('4df789f4-394c-4b39-862f-052c00d3558c','46a7abd1-ed2a-4617-bd38-f03b256efe84','aa0a8b78-5e35-46f5-be7e-2a55f20f6470',NULL,1,'00000000-0000-0000-0000-000000000000','2021-04-23 17:21:32','00000000-0000-0000-0000-000000000000','2021-04-25 10:17:58'),('4e50e27f-3ab4-4689-93d1-3a0b97198fde','46a7abd1-ed2a-4617-bd38-f03b256efe84','b0652b6e-51ee-49ff-88b9-019bc8378f0b',NULL,1,'00000000-0000-0000-0000-000000000000','2021-04-23 16:37:14','00000000-0000-0000-0000-000000000000','2021-04-23 17:21:32'),('4e84e8e4-0f8b-4a54-860a-1c053a4567d1','46a7abd1-ed2a-4617-bd38-f03b256efe84','45c8b9cf-5ac2-4e42-9cc8-051871a1d63f',NULL,1,'00000000-0000-0000-0000-000000000000','2021-04-11 16:16:50','00000000-0000-0000-0000-000000000000','2021-04-23 15:29:36'),('4eb06dab-73ec-43a5-9667-cd8c9721fef2','46a7abd1-ed2a-4617-bd38-f03b256efe84','26d0ed04-5670-4707-ad91-e2893edca2ed',NULL,1,'00000000-0000-0000-0000-000000000000','2021-04-23 17:21:32','00000000-0000-0000-0000-000000000000','2021-04-25 10:17:58'),('4fbc8990-5ac0-476c-a549-774f1a1ed30c','46a7abd1-ed2a-4617-bd38-f03b256efe84','de435288-c697-4072-8215-394dc7f80ca6',NULL,0,'00000000-0000-0000-0000-000000000000','2021-04-29 15:33:43','00000000-0000-0000-0000-000000000000','2021-04-29 15:33:43'),('55405817-1731-4cd1-88fb-2274a827c29c','46a7abd1-ed2a-4617-bd38-f03b256efe84','371362df-0b05-4eee-9930-9288b6c8cc45',NULL,1,'00000000-0000-0000-0000-000000000000','2021-04-29 09:36:08','00000000-0000-0000-0000-000000000000','2021-04-29 15:33:42'),('569708cb-5437-49ed-aaea-9b5ffd5bae67','df8af9fe-50c5-41b6-97dd-78e7d817c075','f21f1b48-b743-4e01-a5d7-c50ebfd2fe78',NULL,0,'00000000-0000-0000-0000-000000000000','2021-04-12 11:39:24','00000000-0000-0000-0000-000000000000','2021-04-12 11:39:24'),('58370717-2dfa-430c-a8c9-64cd9f137d40','46a7abd1-ed2a-4617-bd38-f03b256efe84','b0652b6e-51ee-49ff-88b9-019bc8378f0b',NULL,1,'00000000-0000-0000-0000-000000000000','2021-04-23 15:29:36','00000000-0000-0000-0000-000000000000','2021-04-23 15:48:04'),('595ab411-a66a-4a2d-948c-2a9bef61811f','46a7abd1-ed2a-4617-bd38-f03b256efe84','26d0ed04-5670-4707-ad91-e2893edca2ed',NULL,1,'00000000-0000-0000-0000-000000000000','2021-04-23 15:48:04','00000000-0000-0000-0000-000000000000','2021-04-23 16:32:20'),('5ad3fea9-c150-4456-ad26-7aecd4d7fdbb','43947b77-b453-4783-a3fc-81e6ab8e692c','837a330f-11bd-4a70-93b5-25af2c905408',NULL,0,'00000000-0000-0000-0000-000000000000','2021-04-11 16:17:43','00000000-0000-0000-0000-000000000000','2021-04-11 16:17:43'),('5d42a663-ac16-44ca-8535-0cd2e26128c3','46a7abd1-ed2a-4617-bd38-f03b256efe84','b0652b6e-51ee-49ff-88b9-019bc8378f0b',NULL,1,'00000000-0000-0000-0000-000000000000','2021-04-25 10:17:58','00000000-0000-0000-0000-000000000000','2021-04-29 09:36:07'),('5dc3abd4-545c-4f02-98ee-3ff8bdad900a','46a7abd1-ed2a-4617-bd38-f03b256efe84','bec177ff-23ce-449f-ade4-dd0e62142842',NULL,0,'00000000-0000-0000-0000-000000000000','2021-04-29 15:33:42','00000000-0000-0000-0000-000000000000','2021-04-29 15:33:42'),('5dcdb141-102b-4ae0-afa4-7d9305aebcad','46a7abd1-ed2a-4617-bd38-f03b256efe84','45c8b9cf-5ac2-4e42-9cc8-051871a1d63f',NULL,1,'00000000-0000-0000-0000-000000000000','2021-04-23 16:32:20','00000000-0000-0000-0000-000000000000','2021-04-23 16:37:14'),('60e7aaf4-ac0b-46b0-b600-68be97a15f66','46a7abd1-ed2a-4617-bd38-f03b256efe84','371362df-0b05-4eee-9930-9288b6c8cc45',NULL,1,'00000000-0000-0000-0000-000000000000','2021-04-23 17:21:32','00000000-0000-0000-0000-000000000000','2021-04-25 10:17:58'),('6376a340-2935-433e-8ece-120428d83f9d','43947b77-b453-4783-a3fc-81e6ab8e692c','0e989075-01cd-4c6e-a622-d336106bf255',NULL,0,'00000000-0000-0000-0000-000000000000','2021-04-11 16:17:43','00000000-0000-0000-0000-000000000000','2021-04-11 16:17:43'),('6477deb3-0d29-4597-8306-988ae3ae5c3b','46a7abd1-ed2a-4617-bd38-f03b256efe84','26d0ed04-5670-4707-ad91-e2893edca2ed',NULL,1,'00000000-0000-0000-0000-000000000000','2021-04-11 16:16:50','00000000-0000-0000-0000-000000000000','2021-04-23 15:29:36'),('68d7a041-1ca5-4e8d-8142-8e703d5a8773','46a7abd1-ed2a-4617-bd38-f03b256efe84','bec177ff-23ce-449f-ade4-dd0e62142842',NULL,1,'00000000-0000-0000-0000-000000000000','2021-04-23 15:29:36','00000000-0000-0000-0000-000000000000','2021-04-23 15:48:04'),('6c806321-463f-4dc8-b852-3c87a3014b94','46a7abd1-ed2a-4617-bd38-f03b256efe84','26d0ed04-5670-4707-ad91-e2893edca2ed',NULL,1,'00000000-0000-0000-0000-000000000000','2021-04-29 09:36:08','00000000-0000-0000-0000-000000000000','2021-04-29 15:33:42'),('6ce610ad-7c24-4139-bcf4-c523dbe6e133','46a7abd1-ed2a-4617-bd38-f03b256efe84','de435288-c697-4072-8215-394dc7f80ca6',NULL,1,'00000000-0000-0000-0000-000000000000','2021-04-23 17:21:32','00000000-0000-0000-0000-000000000000','2021-04-25 10:17:58'),('6e6ab298-f019-457d-a395-bd94142af853','46a7abd1-ed2a-4617-bd38-f03b256efe84','26d0ed04-5670-4707-ad91-e2893edca2ed',NULL,1,'00000000-0000-0000-0000-000000000000','2021-04-23 16:37:14','00000000-0000-0000-0000-000000000000','2021-04-23 17:21:32'),('7513b64e-3c74-4cd9-85b2-ed945e55ce28','46a7abd1-ed2a-4617-bd38-f03b256efe84','4ef0101a-9911-47d0-8555-841ce928903f',NULL,1,'00000000-0000-0000-0000-000000000000','2021-04-23 17:21:32','00000000-0000-0000-0000-000000000000','2021-04-25 10:17:58'),('7b2ad447-bbba-45c2-aa08-9ac4d67d627b','46a7abd1-ed2a-4617-bd38-f03b256efe84','de435288-c697-4072-8215-394dc7f80ca6',NULL,1,'00000000-0000-0000-0000-000000000000','2021-04-29 09:36:08','00000000-0000-0000-0000-000000000000','2021-04-29 15:33:42'),('7ec66b87-405a-4224-87d8-ea9bdd1c09bd','46a7abd1-ed2a-4617-bd38-f03b256efe84','8d549066-fe5d-466c-b540-3525ebf30def',NULL,1,'00000000-0000-0000-0000-000000000000','2021-04-11 16:16:50','00000000-0000-0000-0000-000000000000','2021-04-23 15:29:36'),('7f75b282-9cde-4f1c-9e83-c8ce8ea51226','46a7abd1-ed2a-4617-bd38-f03b256efe84','aa0a8b78-5e35-46f5-be7e-2a55f20f6470',NULL,1,'00000000-0000-0000-0000-000000000000','2021-04-23 15:48:04','00000000-0000-0000-0000-000000000000','2021-04-23 16:32:20'),('86c2008c-4d75-4989-896b-5c6ce1455f8e','a59ec5b3-9e0c-4ca9-a13b-1a0b159c928b','371362df-0b05-4eee-9930-9288b6c8cc45',NULL,0,'00000000-0000-0000-0000-000000000000','2021-04-11 16:17:25','00000000-0000-0000-0000-000000000000','2021-04-11 16:17:25'),('881a4d5e-cd6a-46d6-972f-59ecde62e56f','43947b77-b453-4783-a3fc-81e6ab8e692c','60f51a50-7fb8-47df-bbee-20a4bb29d650',NULL,0,'00000000-0000-0000-0000-000000000000','2021-04-11 16:17:43','00000000-0000-0000-0000-000000000000','2021-04-11 16:17:43'),('8c1f377b-2660-4c1d-a29f-c23c590195db','46a7abd1-ed2a-4617-bd38-f03b256efe84','de435288-c697-4072-8215-394dc7f80ca6',NULL,1,'00000000-0000-0000-0000-000000000000','2021-04-23 16:32:20','00000000-0000-0000-0000-000000000000','2021-04-23 16:37:14'),('911e2a86-f240-4fe4-adef-a7c5093c0c3b','46a7abd1-ed2a-4617-bd38-f03b256efe84','aa0a8b78-5e35-46f5-be7e-2a55f20f6470',NULL,0,'00000000-0000-0000-0000-000000000000','2021-04-29 15:33:42','00000000-0000-0000-0000-000000000000','2021-04-29 15:33:42'),('922fa344-c537-4815-b7b0-4d5ae4241468','46a7abd1-ed2a-4617-bd38-f03b256efe84','bec177ff-23ce-449f-ade4-dd0e62142842',NULL,1,'00000000-0000-0000-0000-000000000000','2021-04-29 09:36:08','00000000-0000-0000-0000-000000000000','2021-04-29 15:33:42'),('9655a999-5662-46a9-b43f-9a8c41ebd406','46a7abd1-ed2a-4617-bd38-f03b256efe84','e2363d77-45aa-4be1-b878-48d31aed728b',NULL,0,'00000000-0000-0000-0000-000000000000','2021-04-29 15:33:42','00000000-0000-0000-0000-000000000000','2021-04-29 15:33:42'),('9697ce5a-ed63-49f4-80d3-52c8ba751f13','46a7abd1-ed2a-4617-bd38-f03b256efe84','26d0ed04-5670-4707-ad91-e2893edca2ed',NULL,1,'00000000-0000-0000-0000-000000000000','2021-04-23 15:29:36','00000000-0000-0000-0000-000000000000','2021-04-23 15:48:04'),('973f3d07-c2fe-443e-b466-a5bc3987d7b9','46a7abd1-ed2a-4617-bd38-f03b256efe84','bec177ff-23ce-449f-ade4-dd0e62142842',NULL,1,'00000000-0000-0000-0000-000000000000','2021-04-23 16:32:20','00000000-0000-0000-0000-000000000000','2021-04-23 16:37:14'),('9a123bc2-fbd9-4770-9fae-d41e23a046ba','df8af9fe-50c5-41b6-97dd-78e7d817c075','2634a816-5dd9-4bfd-a573-f6b0020204db',NULL,0,'00000000-0000-0000-0000-000000000000','2021-04-12 11:39:24','00000000-0000-0000-0000-000000000000','2021-04-12 11:39:24'),('a3cc3ad5-2113-4905-9347-50c53a362c1e','46a7abd1-ed2a-4617-bd38-f03b256efe84','26d0ed04-5670-4707-ad91-e2893edca2ed',NULL,1,'00000000-0000-0000-0000-000000000000','2021-04-23 16:32:20','00000000-0000-0000-0000-000000000000','2021-04-23 16:37:14'),('aa168dec-ac4d-49ce-9510-ac84d50e3977','46a7abd1-ed2a-4617-bd38-f03b256efe84','371362df-0b05-4eee-9930-9288b6c8cc45',NULL,1,'00000000-0000-0000-0000-000000000000','2021-04-23 16:32:20','00000000-0000-0000-0000-000000000000','2021-04-23 16:37:14'),('b8227404-9296-4f6e-9a96-a861f2453681','46a7abd1-ed2a-4617-bd38-f03b256efe84','bec177ff-23ce-449f-ade4-dd0e62142842',NULL,1,'00000000-0000-0000-0000-000000000000','2021-04-23 17:21:32','00000000-0000-0000-0000-000000000000','2021-04-25 10:17:58'),('b93c9136-00c9-48b0-8b8a-f05340e7e624','46a7abd1-ed2a-4617-bd38-f03b256efe84','45c8b9cf-5ac2-4e42-9cc8-051871a1d63f',NULL,1,'00000000-0000-0000-0000-000000000000','2021-04-29 09:36:08','00000000-0000-0000-0000-000000000000','2021-04-29 15:33:42'),('ba80d399-796b-4514-9e4b-35f468c17920','46a7abd1-ed2a-4617-bd38-f03b256efe84','26d0ed04-5670-4707-ad91-e2893edca2ed',NULL,1,'00000000-0000-0000-0000-000000000000','2021-04-25 10:17:58','00000000-0000-0000-0000-000000000000','2021-04-29 09:36:07'),('c340e93a-6955-4641-8069-872f98d1180a','46a7abd1-ed2a-4617-bd38-f03b256efe84','bec177ff-23ce-449f-ade4-dd0e62142842',NULL,1,'00000000-0000-0000-0000-000000000000','2021-04-11 16:16:50','00000000-0000-0000-0000-000000000000','2021-04-23 15:29:36'),('c38053fa-3bae-43c9-8275-af0165dba8cb','46a7abd1-ed2a-4617-bd38-f03b256efe84','45c8b9cf-5ac2-4e42-9cc8-051871a1d63f',NULL,1,'00000000-0000-0000-0000-000000000000','2021-04-23 15:48:04','00000000-0000-0000-0000-000000000000','2021-04-23 16:32:20'),('c3fab066-492a-4b14-a7d1-aaa853abbe92','46a7abd1-ed2a-4617-bd38-f03b256efe84','45c8b9cf-5ac2-4e42-9cc8-051871a1d63f',NULL,1,'00000000-0000-0000-0000-000000000000','2021-04-23 17:21:32','00000000-0000-0000-0000-000000000000','2021-04-25 10:17:58'),('c65374f5-fc27-440e-b991-714c41102a85','46a7abd1-ed2a-4617-bd38-f03b256efe84','8d549066-fe5d-466c-b540-3525ebf30def',NULL,1,'00000000-0000-0000-0000-000000000000','2021-04-25 10:17:58','00000000-0000-0000-0000-000000000000','2021-04-29 09:36:07'),('c789c2d1-4eef-488a-a12d-5d34d2b09759','46a7abd1-ed2a-4617-bd38-f03b256efe84','45c8b9cf-5ac2-4e42-9cc8-051871a1d63f',NULL,0,'00000000-0000-0000-0000-000000000000','2021-04-29 15:33:42','00000000-0000-0000-0000-000000000000','2021-04-29 15:33:42'),('c81be673-9065-4046-a16e-c705a9440fe1','43947b77-b453-4783-a3fc-81e6ab8e692c','b807f782-8b8c-49b6-a62d-e230dd44cd7e',NULL,0,'00000000-0000-0000-0000-000000000000','2021-04-11 16:17:43','00000000-0000-0000-0000-000000000000','2021-04-11 16:17:43'),('cd33f801-eed3-44a8-be02-e97a13e471a0','43947b77-b453-4783-a3fc-81e6ab8e692c','d0ebd39e-9a82-42fa-986e-c7235747a758',NULL,0,'00000000-0000-0000-0000-000000000000','2021-04-11 16:17:43','00000000-0000-0000-0000-000000000000','2021-04-11 16:17:43'),('ce31fb84-6675-4c4d-8130-1c9adcfcdc75','46a7abd1-ed2a-4617-bd38-f03b256efe84','b0652b6e-51ee-49ff-88b9-019bc8378f0b',NULL,1,'00000000-0000-0000-0000-000000000000','2021-04-23 17:21:32','00000000-0000-0000-0000-000000000000','2021-04-25 10:17:58'),('ceb83520-6be4-478b-b41e-807c9780adef','46a7abd1-ed2a-4617-bd38-f03b256efe84','e2363d77-45aa-4be1-b878-48d31aed728b',NULL,1,'00000000-0000-0000-0000-000000000000','2021-04-25 10:17:58','00000000-0000-0000-0000-000000000000','2021-04-29 09:36:07'),('d25c5c8b-b738-4484-8856-029d5423e330','46a7abd1-ed2a-4617-bd38-f03b256efe84','b0652b6e-51ee-49ff-88b9-019bc8378f0b',NULL,1,'00000000-0000-0000-0000-000000000000','2021-04-11 16:16:50','00000000-0000-0000-0000-000000000000','2021-04-23 15:29:36'),('d37d8b9e-4d8b-4999-8d2e-9a9ce3511d91','46a7abd1-ed2a-4617-bd38-f03b256efe84','bec177ff-23ce-449f-ade4-dd0e62142842',NULL,1,'00000000-0000-0000-0000-000000000000','2021-04-25 10:17:58','00000000-0000-0000-0000-000000000000','2021-04-29 09:36:07'),('dc04de41-8510-457f-bbef-581d940a0335','46a7abd1-ed2a-4617-bd38-f03b256efe84','aa0a8b78-5e35-46f5-be7e-2a55f20f6470',NULL,1,'00000000-0000-0000-0000-000000000000','2021-04-25 10:17:58','00000000-0000-0000-0000-000000000000','2021-04-29 09:36:07'),('dcc0d0f4-6200-4999-8f2c-7f137c681947','46a7abd1-ed2a-4617-bd38-f03b256efe84','8d549066-fe5d-466c-b540-3525ebf30def',NULL,1,'00000000-0000-0000-0000-000000000000','2021-04-29 09:36:08','00000000-0000-0000-0000-000000000000','2021-04-29 15:33:42'),('df2c829a-c8fd-4404-b47e-2413d7ea2724','46a7abd1-ed2a-4617-bd38-f03b256efe84','e2363d77-45aa-4be1-b878-48d31aed728b',NULL,1,'00000000-0000-0000-0000-000000000000','2021-04-23 16:32:20','00000000-0000-0000-0000-000000000000','2021-04-23 16:37:14'),('e0d022f6-436a-4d64-bffb-c8c863536a63','46a7abd1-ed2a-4617-bd38-f03b256efe84','b0652b6e-51ee-49ff-88b9-019bc8378f0b',NULL,1,'00000000-0000-0000-0000-000000000000','2021-04-23 16:32:20','00000000-0000-0000-0000-000000000000','2021-04-23 16:37:14'),('e6055bd9-e2a9-48c2-af79-62c2303e5866','46a7abd1-ed2a-4617-bd38-f03b256efe84','8d549066-fe5d-466c-b540-3525ebf30def',NULL,1,'00000000-0000-0000-0000-000000000000','2021-04-23 16:37:14','00000000-0000-0000-0000-000000000000','2021-04-23 17:21:32'),('e6830da9-8a89-4826-b0fd-a6d2bc7103cf','46a7abd1-ed2a-4617-bd38-f03b256efe84','45c8b9cf-5ac2-4e42-9cc8-051871a1d63f',NULL,1,'00000000-0000-0000-0000-000000000000','2021-04-23 15:29:36','00000000-0000-0000-0000-000000000000','2021-04-23 15:48:04'),('ec8ca9c7-53d5-459e-859e-3d7db48de4d6','43947b77-b453-4783-a3fc-81e6ab8e692c','c80f26ab-b2bc-4766-a40e-17ed9417a5c7',NULL,0,'00000000-0000-0000-0000-000000000000','2021-04-11 16:17:43','00000000-0000-0000-0000-000000000000','2021-04-11 16:17:43'),('ed1ba712-b3c0-436e-a236-50aec1b9861c','46a7abd1-ed2a-4617-bd38-f03b256efe84','aa0a8b78-5e35-46f5-be7e-2a55f20f6470',NULL,1,'00000000-0000-0000-0000-000000000000','2021-04-23 16:37:14','00000000-0000-0000-0000-000000000000','2021-04-23 17:21:32'),('fdafe34a-60f1-42b1-b470-86677aa2c781','46a7abd1-ed2a-4617-bd38-f03b256efe84','8d549066-fe5d-466c-b540-3525ebf30def',NULL,1,'00000000-0000-0000-0000-000000000000','2021-04-23 15:29:36','00000000-0000-0000-0000-000000000000','2021-04-23 15:48:04'),('fe1fe74b-d470-48c7-a2de-241cfe273f18','46a7abd1-ed2a-4617-bd38-f03b256efe84','b0652b6e-51ee-49ff-88b9-019bc8378f0b',NULL,1,'00000000-0000-0000-0000-000000000000','2021-04-29 09:36:08','00000000-0000-0000-0000-000000000000','2021-04-29 15:33:42'),('ff138593-6447-4b54-8b7b-41b548228d67','46a7abd1-ed2a-4617-bd38-f03b256efe84','8d549066-fe5d-466c-b540-3525ebf30def',NULL,1,'00000000-0000-0000-0000-000000000000','2021-04-23 16:32:20','00000000-0000-0000-0000-000000000000','2021-04-23 16:37:14');
/*!40000 ALTER TABLE `SysRoleMenu` ENABLE KEYS */;
UNLOCK TABLES;

--
-- Table structure for table `SysRoleUser`
--

DROP TABLE IF EXISTS `SysRoleUser`;
/*!40101 SET @saved_cs_client     = @@character_set_client */;
/*!50503 SET character_set_client = utf8mb4 */;
CREATE TABLE `SysRoleUser` (
  `Id` varchar(36) NOT NULL COMMENT '主键',
  `RoleId` varchar(36) NOT NULL COMMENT '角色编号',
  `UserId` varchar(36) NOT NULL COMMENT '用户编号',
  `Remark` varchar(512) DEFAULT NULL COMMENT '备注',
  `IsDel` int NOT NULL COMMENT '标志位',
  `Creator` varchar(36) NOT NULL COMMENT '创建人',
  `CreateTime` datetime(3) NOT NULL COMMENT '创建时间',
  `Modifier` varchar(36) NOT NULL COMMENT '修改人',
  `ModifyTime` datetime(3) NOT NULL COMMENT '修改时间',
  PRIMARY KEY (`Id`),
  KEY `sru_roleid_idx` (`RoleId`),
  KEY `sru_userid_idx` (`UserId`),
  CONSTRAINT `sru_roleid` FOREIGN KEY (`RoleId`) REFERENCES `SysRole` (`Id`),
  CONSTRAINT `sru_userid` FOREIGN KEY (`UserId`) REFERENCES `SysUser` (`Id`)
) ENGINE=InnoDB DEFAULT CHARSET=utf8 COMMENT='角色用户关系表';
/*!40101 SET character_set_client = @saved_cs_client */;

--
-- Dumping data for table `SysRoleUser`
--

LOCK TABLES `SysRoleUser` WRITE;
/*!40000 ALTER TABLE `SysRoleUser` DISABLE KEYS */;
INSERT INTO `SysRoleUser` VALUES ('0a1d385e-5bc6-4648-8d43-bad5b642fd7c','df8af9fe-50c5-41b6-97dd-78e7d817c075','930cc8e2-f1ae-404d-9258-6167a3acbcbc',NULL,0,'00000000-0000-0000-0000-000000000000','2021-04-12 11:39:37','00000000-0000-0000-0000-000000000000','2021-04-12 11:39:37'),('0eafa373-aa13-467e-a65b-06b74f813bf9','46a7abd1-ed2a-4617-bd38-f03b256efe84','b09bbb4b-a7f0-4f7a-8f3d-dbb895f3edc5',NULL,1,'00000000-0000-0000-0000-000000000000','2021-04-11 16:11:59','00000000-0000-0000-0000-000000000000','2021-04-23 15:11:35'),('11d34b17-f2c2-4a68-ba3a-fa211231e85b','46a7abd1-ed2a-4617-bd38-f03b256efe84','45aeff89-2867-43e7-9b40-296233c069c5',NULL,1,'00000000-0000-0000-0000-000000000000','2021-04-11 16:09:40','00000000-0000-0000-0000-000000000000','2021-04-11 16:09:53'),('1e119430-430c-438c-9f63-4427f927442e','46a7abd1-ed2a-4617-bd38-f03b256efe84','45aeff89-2867-43e7-9b40-296233c069c5',NULL,1,'00000000-0000-0000-0000-000000000000','2021-04-11 12:52:28','00000000-0000-0000-0000-000000000000','2021-04-11 16:02:52'),('293567d8-8ae4-4731-9975-08721e293dd1','46a7abd1-ed2a-4617-bd38-f03b256efe84','b09bbb4b-a7f0-4f7a-8f3d-dbb895f3edc5',NULL,1,'00000000-0000-0000-0000-000000000000','2021-04-11 16:09:40','00000000-0000-0000-0000-000000000000','2021-04-11 16:09:53'),('42279870-6f6f-4287-885f-82180b7d64e1','46a7abd1-ed2a-4617-bd38-f03b256efe84','b09bbb4b-a7f0-4f7a-8f3d-dbb895f3edc5',NULL,1,'00000000-0000-0000-0000-000000000000','2021-04-11 12:52:28','00000000-0000-0000-0000-000000000000','2021-04-11 16:02:52'),('43324d78-f054-486e-b688-7618106209a0','46a7abd1-ed2a-4617-bd38-f03b256efe84','45aeff89-2867-43e7-9b40-296233c069c5',NULL,1,'00000000-0000-0000-0000-000000000000','2021-04-23 15:11:35','00000000-0000-0000-0000-000000000000','2021-04-29 15:33:23'),('45f9b5a2-7b43-43bb-8544-b774488535d6','a59ec5b3-9e0c-4ca9-a13b-1a0b159c928b','930cc8e2-f1ae-404d-9258-6167a3acbcbc',NULL,0,'00000000-0000-0000-0000-000000000000','2021-04-11 16:15:58','00000000-0000-0000-0000-000000000000','2021-04-11 16:15:58'),('4b32b83d-51ca-4a29-a0ea-f05a56fa544b','46a7abd1-ed2a-4617-bd38-f03b256efe84','930cc8e2-f1ae-404d-9258-6167a3acbcbc',NULL,1,'00000000-0000-0000-0000-000000000000','2021-04-11 16:03:18','00000000-0000-0000-0000-000000000000','2021-04-11 16:09:40'),('4f380cdc-11ae-4405-bd5b-227a7b4acac3','46a7abd1-ed2a-4617-bd38-f03b256efe84','b09bbb4b-a7f0-4f7a-8f3d-dbb895f3edc5',NULL,1,'00000000-0000-0000-0000-000000000000','2021-04-11 12:51:19','00000000-0000-0000-0000-000000000000','2021-04-11 12:52:19'),('5e16587c-1d38-443f-a779-b09714c835d3','46a7abd1-ed2a-4617-bd38-f03b256efe84','930cc8e2-f1ae-404d-9258-6167a3acbcbc',NULL,1,'00000000-0000-0000-0000-000000000000','2021-04-11 16:09:40','00000000-0000-0000-0000-000000000000','2021-04-11 16:09:53'),('6a21a69b-5955-4a89-9611-3cd47eb7c3e0','46a7abd1-ed2a-4617-bd38-f03b256efe84','b09bbb4b-a7f0-4f7a-8f3d-dbb895f3edc5',NULL,0,'00000000-0000-0000-0000-000000000000','2021-04-29 15:33:23','00000000-0000-0000-0000-000000000000','2021-04-29 15:33:23'),('759d8f21-fecd-445d-9d3f-eef61c197f11','46a7abd1-ed2a-4617-bd38-f03b256efe84','930cc8e2-f1ae-404d-9258-6167a3acbcbc',NULL,1,'00000000-0000-0000-0000-000000000000','2021-04-11 12:51:19','00000000-0000-0000-0000-000000000000','2021-04-11 12:52:19'),('834f6a33-68c3-4bbd-b863-85ece4fda4e7','46a7abd1-ed2a-4617-bd38-f03b256efe84','45aeff89-2867-43e7-9b40-296233c069c5',NULL,1,'00000000-0000-0000-0000-000000000000','2021-04-11 16:03:18','00000000-0000-0000-0000-000000000000','2021-04-11 16:09:40'),('8a72cc3c-a89a-4c30-9438-e96eeab1e6d1','46a7abd1-ed2a-4617-bd38-f03b256efe84','45aeff89-2867-43e7-9b40-296233c069c5',NULL,1,'00000000-0000-0000-0000-000000000000','2021-04-11 12:51:19','00000000-0000-0000-0000-000000000000','2021-04-11 12:52:19'),('c6999828-2fd3-43bb-adbf-d5bbcd4de1b7','46a7abd1-ed2a-4617-bd38-f03b256efe84','45aeff89-2867-43e7-9b40-296233c069c5',NULL,0,'00000000-0000-0000-0000-000000000000','2021-04-29 15:33:23','00000000-0000-0000-0000-000000000000','2021-04-29 15:33:23'),('da6de310-78a3-4775-9048-788acb19bdb1','46a7abd1-ed2a-4617-bd38-f03b256efe84','b09bbb4b-a7f0-4f7a-8f3d-dbb895f3edc5',NULL,1,'00000000-0000-0000-0000-000000000000','2021-04-23 15:11:35','00000000-0000-0000-0000-000000000000','2021-04-29 15:33:23'),('dafb911b-c2b2-42c1-aa16-9b704128c5b4','46a7abd1-ed2a-4617-bd38-f03b256efe84','930cc8e2-f1ae-404d-9258-6167a3acbcbc',NULL,0,'00000000-0000-0000-0000-000000000000','2021-04-29 15:33:23','00000000-0000-0000-0000-000000000000','2021-04-29 15:33:23'),('e7640512-dfbb-44a8-aadf-af3c82f29bf7','46a7abd1-ed2a-4617-bd38-f03b256efe84','45aeff89-2867-43e7-9b40-296233c069c5',NULL,1,'00000000-0000-0000-0000-000000000000','2021-04-11 16:09:53','00000000-0000-0000-0000-000000000000','2021-04-11 16:10:25'),('ff59a249-f725-488d-aa8a-2d0e42478231','46a7abd1-ed2a-4617-bd38-f03b256efe84','930cc8e2-f1ae-404d-9258-6167a3acbcbc',NULL,1,'00000000-0000-0000-0000-000000000000','2021-04-11 12:52:28','00000000-0000-0000-0000-000000000000','2021-04-11 16:02:52');
/*!40000 ALTER TABLE `SysRoleUser` ENABLE KEYS */;
UNLOCK TABLES;

-- -----------------------------------------------------
-- Table `RuYiAdmin`.`SysRoleOrg`
-- -----------------------------------------------------
CREATE TABLE IF NOT EXISTS `SysRoleOrg` (
  `Id` VARCHAR(36) NOT NULL COMMENT '主键',
  `RoleId` VARCHAR(36) NOT NULL COMMENT '角色编号',
  `OrgId` VARCHAR(36) NOT NULL COMMENT '机构编号',
  `OwnerType` INT NOT NULL COMMENT '类型：0，自有；1继承',
  `Remark` VARCHAR(512) NULL COMMENT '备注',
  `IsDel` INT NOT NULL COMMENT '标志位',
  `Creator` VARCHAR(36) NOT NULL COMMENT '创建人',
  `CreateTime` DATETIME NOT NULL COMMENT '创建时间',
  `Modifier` VARCHAR(36) NOT NULL COMMENT '修改人',
  `ModifyTime` DATETIME NOT NULL COMMENT '修改时间',
  PRIMARY KEY (`Id`),
  INDEX `srg_roleid_idx` (`RoleId` ASC) VISIBLE,
  INDEX `srg_orgid_idx` (`OrgId` ASC) VISIBLE,
  CONSTRAINT `srg_roleid`
    FOREIGN KEY (`RoleId`)
    REFERENCES `RuYiAdmin`.`SysRole` (`Id`)
    ON DELETE NO ACTION
    ON UPDATE NO ACTION,
  CONSTRAINT `srg_orgid`
    FOREIGN KEY (`OrgId`)
    REFERENCES `RuYiAdmin`.`SysOrganization` (`Id`)
    ON DELETE NO ACTION
    ON UPDATE NO ACTION)
ENGINE = InnoDB
DEFAULT CHARSET=utf8
COMMENT = '角色机构关系表';

LOCK TABLES `SysRoleOrg` WRITE;
/*!40000 ALTER TABLE `SysRoleOrg` DISABLE KEYS */;
INSERT INTO `SysRoleOrg` VALUES ('354845ca-eace-4d95-a65a-37496580c517','40c3a340-4a71-489a-bdd7-c9f4eee1e743','ab907b1e-13a3-4c04-85db-f560f9c8f9aa',0,NULL,0,'00000000-0000-0000-0000-000000000000','2021-11-09 16:02:29','00000000-0000-0000-0000-000000000000','2021-11-09 16:47:19')
, ('354845ca-eace-4d95-a65a-37496580c518','46a7abd1-ed2a-4617-bd38-f03b256efe84','ab907b1e-13a3-4c04-85db-f560f9c8f9aa',0,NULL,0,'00000000-0000-0000-0000-000000000000','2021-11-09 16:40:50','00000000-0000-0000-0000-000000000000','2021-11-09 16:48:39')
,('354845ca-eace-4d95-a65a-37496580c519','a59ec5b3-9e0c-4ca9-a13b-1a0b159c928b','ab907b1e-13a3-4c04-85db-f560f9c8f9aa',0,NULL,0,'00000000-0000-0000-0000-000000000000','2021-11-09 16:02:29','00000000-0000-0000-0000-000000000000','2021-11-09 16:47:19')
,('672d6f9b-c295-4972-a71e-56a566f68f88','43947b77-b453-4783-a3fc-81e6ab8e692c','ab907b1e-13a3-4c04-85db-f560f9c8f9aa',0,NULL,0,'00000000-0000-0000-0000-000000000000','2021-11-09 16:40:50','00000000-0000-0000-0000-000000000000','2021-11-09 16:48:39')
,('e50ee78e-ee79-4058-b5b0-7cc31114f9af','df8af9fe-50c5-41b6-97dd-78e7d817c075','ab907b1e-13a3-4c04-85db-f560f9c8f9aa',0,NULL,0,'00000000-0000-0000-0000-000000000000','2021-11-09 16:40:45','00000000-0000-0000-0000-000000000000','2021-11-09 16:47:38');

/*!40000 ALTER TABLE `SysRoleOrg` ENABLE KEYS */;
UNLOCK TABLES;

--
-- Table structure for table `SysScheduleJob`
--

DROP TABLE IF EXISTS `SysScheduleJob`;
/*!40101 SET @saved_cs_client     = @@character_set_client */;
/*!50503 SET character_set_client = utf8mb4 */;
CREATE TABLE `SysScheduleJob` (
  `Id` varchar(36) NOT NULL COMMENT '主键',
  `JobName` varchar(128) NOT NULL COMMENT '任务名称',
  `JobDescription` varchar(512) DEFAULT NULL COMMENT '任务描述',
  `NameSpace` varchar(512) NOT NULL COMMENT '命名空间',
  `JobImplement` varchar(128) NOT NULL COMMENT '实现类',
  `CronExpression` varchar(128) NOT NULL COMMENT 'Cron表达式',
  `StartTime` datetime DEFAULT NULL COMMENT '开始时间',
  `EndTime` datetime DEFAULT NULL COMMENT '结束时间',
  `JobStatus` int NOT NULL COMMENT '任务状态，0：已启用，1：运行中，2：执行中，3：执行完成，4：任务计划中，5：已停止',
  `Remark` varchar(512) DEFAULT NULL COMMENT '备注',
  `Order` int DEFAULT NULL COMMENT '序号',
  `IsDel` int NOT NULL COMMENT '标志位',
  `Creator` varchar(36) NOT NULL COMMENT '创建人',
  `CreateTime` datetime(3) NOT NULL COMMENT '创建时间',
  `Modifier` varchar(36) NOT NULL COMMENT '修改人',
  `ModifyTime` datetime(3) NOT NULL COMMENT '修改时间',
  PRIMARY KEY (`Id`)
) ENGINE=InnoDB DEFAULT CHARSET=utf8 COMMENT='计划任务表';
/*!40101 SET character_set_client = @saved_cs_client */;

--
-- Dumping data for table `SysScheduleJob`
--

LOCK TABLES `SysScheduleJob` WRITE;
/*!40000 ALTER TABLE `SysScheduleJob` DISABLE KEYS */;
INSERT INTO `SysScheduleJob` VALUES ('10f976a2-f9ef-4629-8f43-9afce17c2a9d','邮件发送任务','定时发送邮件作业','RuYiAdmin.Net.Service.QuartzJobs','EmailJob','0/5 * * * * ?','2021-09-10 10:19:12','9999-12-31 00:00:00',1,'定时发送邮件作业',2,0,'00000000-0000-0000-0000-000000000000','2021-09-10 10:16:47','00000000-0000-0000-0000-000000000000','2021-09-10 15:45:43'),('8df4699c-b4d4-468f-9037-df49cd5a62dd','定时短信任务','定时发送短信','RuYiAdmin.Net.Service.QuartzJobs','MessageJob','0/5 * * * * ?','2021-09-10 09:46:28','9999-12-31 00:00:00',1,'定时短信任务',1,0,'00000000-0000-0000-0000-000000000000','2021-09-10 09:33:43','00000000-0000-0000-0000-000000000000','2021-09-29 10:26:15');
/*!40000 ALTER TABLE `SysScheduleJob` ENABLE KEYS */;
UNLOCK TABLES;


/*!40103 SET TIME_ZONE=@OLD_TIME_ZONE */;

/*!40101 SET SQL_MODE=@OLD_SQL_MODE */;
/*!40014 SET FOREIGN_KEY_CHECKS=@OLD_FOREIGN_KEY_CHECKS */;
/*!40014 SET UNIQUE_CHECKS=@OLD_UNIQUE_CHECKS */;
/*!40101 SET CHARACTER_SET_CLIENT=@OLD_CHARACTER_SET_CLIENT */;
/*!40101 SET CHARACTER_SET_RESULTS=@OLD_CHARACTER_SET_RESULTS */;
/*!40101 SET COLLATION_CONNECTION=@OLD_COLLATION_CONNECTION */;
/*!40111 SET SQL_NOTES=@OLD_SQL_NOTES */;

-- Dump completed on 2021-11-05 14:10:23
